{
    "ACSF1": 0.54,
    "PigArtPressure": 0.11057692307692307,
    "SyntheticControl": 0.9566666666666667,
    "ChlorineConcentration": 0.88203125,
    "Meat": 0.8833333333333333,
    "Ham": 0.6761904761904762,
    "Coffee": 1.0,
    "ProximalPhalanxOutlineCorrect": 0.8900343642611683,
    "SemgHandSubjectCh2": 0.8533333333333334,
    "ECG200": 0.9,
    "Computers": 0.576,
    "PigAirwayPressure": 0.10576923076923077,
    "ShapeletSim": 0.5388888888888889,
    "TwoLeadECG": 0.8481123792800702,
    "Adiac": 0.5626598465473146,
    "Wafer": 0.995944192083063,
    "BirdChicken": 0.75,
    "Fish": 0.8571428571428571,
    "PhalangesOutlinesCorrect": 0.7855477855477856,
    "CinCECGTorso": "NotTrained0.7731884057971015",
    "InsectEPGRegularTrain": 1.0,
    "WordSynonyms": 0.5752351097178683,
    "UMD": 0.9722222222222222,
    "SmoothSubspace": "NotTrained0.9",
    "TwoPatterns": "NotTrained0.89525",
    "SonyAIBORobotSurface1": 0.7337770382695508,
    "MixedShapesRegularTrain": 0.9014432989690722,
    "SwedishLeaf": 0.8576,
    "SemgHandGenderCh2": 0.8683333333333333,
    "Strawberry": 0.9216216216216216,
    "Lightning7": 0.6301369863013698,
    "SmallKitchenAppliances": 0.37866666666666665,
    "SonyAIBORobotSurface2": 0.8184679958027282,
    "ECG5000": 0.9322222222222222,
    "Car": 0.8333333333333334,
    "FordA": 0.7977272727272727,
    "SemgHandMovementCh2": 0.5022222222222222,
    "ECGFiveDays": 0.9523809523809523,
    "DistalPhalanxOutlineCorrect": 0.7681159420289855,
    "Rock": 0.84,
    "EOGHorizontalSignal": 0.430939226519337,
    "CricketX": 0.5641025641025641,
    "Lightning2": 0.7213114754098361,
    "OSULeaf": 0.5578512396694215,
    "NonInvasiveFetalECGThorax1": 0.9251908396946565,
    "PowerCons": 0.9833333333333333,
    "ItalyPowerDemand": 0.9689018464528668,
    "StarLightCurves": 0.9411121903836814,
    "WormsTwoClass": 0.6103896103896104,
    "Mallat": 0.9530916844349681,
    "Earthquakes": 0.697841726618705,
    "FordB": 0.7037037037037037,
    "Yoga": 0.836,
    "FaceAll": 0.7923076923076923,
    "DistalPhalanxOutlineAgeGroup": 0.6762589928057554,
    "ToeSegmentation1": 0.5964912280701754,
    "MiddlePhalanxOutlineCorrect": 0.7800687285223368,
    "CricketZ": "NotTrained0.5538461538461539",
    "MiddlePhalanxTW": 0.5584415584415584,
    "EOGVerticalSignal": "NotTrained0.39502762430939226",
    "CBF": 0.8444444444444444,
    "BME": 0.8666666666666667,
    "ElectricDevices": 0.5691868758915835,
    "RefrigerationDevices": 0.376,
    "Beef": 0.7666666666666667,
    "FaceFour": 0.8636363636363636,
    "Trace": 0.77,
    "GunPointOldVersusYoung": 0.9746031746031746,
    "DistalPhalanxTW": 0.6834532374100719,
    "InlineSkate": 0.3527272727272727,
    "Crop": 0.7493452380952381,
    "Symbols": 0.8603015075376884,
    "OliveOil": 0.7,
    "UWaveGestureLibraryAll": 0.9514237855946399,
    "UWaveGestureLibraryY": 0.6803461753210497,
    "FacesUCR": 0.802439024390244,
    "InsectWingbeatSound": 0.6095959595959596,
    "FreezerRegularTrain": 0.9371929824561404,
    "UWaveGestureLibraryZ": 0.6931881630374093,
    "NonInvasiveFetalECGThorax2": 0.9256997455470738,
    "Chinatown": 0.8979591836734694,
    "GunPoint": 0.9266666666666666,
    "MixedShapesSmallTrain": 0.834639175257732,
    "LargeKitchenAppliances": 0.456,
    "MiddlePhalanxOutlineAgeGroup": 0.5064935064935064,
    "Wine": 0.5555555555555556,
    "Haptics": 0.43506493506493504,
    "HandOutlines": 0.8972972972972973,
    "Phoneme": 0.10337552742616034,
    "ToeSegmentation2": 0.7230769230769231,
    "Herring": 0.625,
    "GunPointMaleVersusFemale": 0.9968354430379747,
    "MoteStrain": 0.8514376996805112,
    "FreezerSmallTrain": 0.6852631578947368,
    "GunPointAgeSpan": 0.9240506329113924,
    "ArrowHead": 0.7885714285714286,
    "Plane": 0.9904761904761905,
    "DiatomSizeReduction": 0.9215686274509803,
    "EthanolLevel": 0.704,
    "HouseTwenty": 0.7394957983193278,
    "InsectEPGSmallTrain": 1.0,
    "ScreenType": 0.4053333333333333,
    "BeetleFly": 0.9,
    "MedicalImages": 0.7039473684210527,
    "ShapesAll": 0.755,
    "ProximalPhalanxTW": 0.7707317073170732,
    "FiftyWords": 0.6835164835164835,
    "Worms": 0.4935064935064935,
    "UWaveGestureLibraryX": 0.759073143495254,
    "PigCVP": 0.10576923076923077,
    "ProximalPhalanxOutlineAgeGroup": 0.8097560975609757,
    "CricketY": 0.6102564102564103,
    "Epilepsy": 0.6956521739130435,
    "Libras": 0.8,
    "ArticularyWordRecognition": 0.98,
    "Heartbeat": 0.7024390243902439,
    "MotorImagery": 0.51,
    "Handwriting": 0.29058823529411765,
    "EthanolConcentration": 0.2509505703422053,
    "HandMovementDirection": 0.527027027027027,
    "RacketSports": 0.8026315789473685,
    "PEMS-SF": "NotTrained",
    "SelfRegulationSCP1": "NotTrained",
    "UWaveGestureLibrary": "NotTrained",
    "FaceDetection": "NotTrained",
    "Cricket": "NotTrained",
    "EigenWorms": "NotTrained",
    "PenDigits": "NotTrained",
    "SelfRegulationSCP2": 0.49444444444444446,
    "LSST": 0.45904298459042986,
    "FingerMovements": 0.61,
    "NATOPS": 0.9111111111111111,
    "StandWalkJump": 0.4,
    "BasicMotions": 0.8,
    "PhonemeSpectra": 0.08380554727110051
}