{
    "ACSF1": [
        0.467472602739726,
        0.25726876244256625,
        2.19318261376,
        3.314378232695162,
        7.646266542263985,
        9.21063623002616,
        120.86648549351082,
        152.68139358991388,
        0.08278526403665126,
        0.10457629697939307,
        37.9636939740181,
        24.594876089901973,
        1.0
    ],
    "PigArtPressure": [
        0.12006009615384615,
        0.17150164692523415,
        18.3755068125,
        8.99240848519563,
        106.18567956487821,
        100.20717398144794,
        1748.328888168269,
        2705.870575002895,
        0.8741644440841346,
        1.3529352875014475,
        18.6968193260523,
        34.61771428447169,
        1.0
    ],
    "SyntheticControl": [
        0.33294444444444443,
        0.1981881743927619,
        1.8952515690013334,
        0.6275671127920242,
        4.078956414021074,
        1.9080767391879843,
        16.024686688249034,
        11.483862589833517,
        0.2670781114708172,
        0.19139770983055862,
        0.34467655976613365,
        0.04842945877740307,
        1.0
    ],
    "ChlorineConcentration": [
        0.2200332580321285,
        0.28272320949939794,
        0.35806540582071095,
        0.510011687251265,
        0.6240148261635293,
        1.1114079960017271,
        3.3950833779802574,
        9.743590924646067,
        0.020452309505905167,
        0.05869633087136185,
        0.766958410727481,
        0.22177801641261197,
        1.0
    ],
    "Meat": [
        0.021354166666666664,
        0.009206668574697964,
        0.020546698238499996,
        0.01601235288305986,
        0.05143811760373065,
        0.052275724271410494,
        0.16594954128733336,
        0.19730656572233526,
        0.0003704230832306548,
        0.0004404164413444984,
        0.3129604736963908,
        0.06033257425632819,
        1.0
    ],
    "Ham": [
        0.19639818804551984,
        0.21496443394410134,
        1.1778781320055238,
        0.6293826242218575,
        3.78297782114904,
        2.5401016160040597,
        29.815518802245602,
        30.53304005647141,
        0.06917753782423573,
        0.07084232031663901,
        0.978382735025315,
        0.7820524683410004,
        1.0
    ],
    "Coffee": [
        0.1677072927072927,
        0.2297613729670331,
        0.39062920964285713,
        0.11637907599847178,
        1.0002286600723032,
        0.4127336051182049,
        5.778145220677142,
        5.918385157860546,
        0.0202033049674026,
        0.020693654398113798,
        0.3136762891496931,
        0.3542266365651193,
        1.0
    ],
    "ProximalPhalanxOutlineCorrect": [
        0.27860824742268037,
        0.2524405706674773,
        0.1329153870927835,
        0.07478577105789666,
        0.27297055891966404,
        0.16938404344291938,
        1.1275312889094742,
        1.0972398005856392,
        0.014094141111368426,
        0.013715497507320488,
        0.39570789730425965,
        0.14075230912765532,
        1.0
    ],
    "SemgHandSubjectCh2": [
        0.1506962962962963,
        0.26371759513973003,
        73.19734572258668,
        132.94288583691642,
        158.4377829781714,
        270.20311449749516,
        2263.3422120080704,
        5640.7414137363185,
        1.5088948080053801,
        3.7604942758242124,
        12.910144007470873,
        24.70930755912245,
        1.0
    ],
    "ECG200": [
        0.5936458333333333,
        0.4083373059968315,
        1.4819877069610004,
        0.6431331020685037,
        3.4751627210821323,
        1.5949840996600244,
        21.315325091692593,
        15.334989333949187,
        0.22203463637179793,
        0.15973947222863738,
        0.27252044916152957,
        0.11434235869683144,
        1.0
    ],
    "Computers": [
        0.25690555555555555,
        0.2677153397123219,
        3.4418291581124003,
        2.6275940139723684,
        10.985331084012088,
        7.4912497092727515,
        85.59501056353919,
        87.5556495275402,
        0.11888195911602667,
        0.12160506878825027,
        4.2014923095703125,
        3.4925460792104372,
        1.0
    ],
    "PigAirwayPressure": [
        0.0949951923076923,
        0.16671201699788016,
        1.4267994877831733,
        1.5443682560684573,
        7.117749220184779,
        12.028176127855648,
        113.90016819790722,
        262.09784725227416,
        0.0569500840989536,
        0.13104892362613707,
        15.196365277354534,
        34.02085707845049,
        1.0
    ],
    "ShapeletSim": [
        0.1945666666666666,
        0.24907377532682068,
        2.9921192467777775,
        0.36834791321950167,
        11.431573474598508,
        7.72605525597628,
        110.33871173653556,
        139.01034738527733,
        0.2206774234730711,
        0.2780206947705547,
        1.0775116324424743,
        1.4004036410431622,
        1.0
    ],
    "TwoLeadECG": [
        0.1651962568791623,
        0.1844668927229563,
        0.5174019116971467,
        0.2497282856788147,
        0.9136997245006275,
        0.5752603902233667,
        3.0263222188609245,
        3.1226298003581756,
        0.0369063685226942,
        0.0380808512238802,
        0.08597428093257968,
        0.057083887652325804,
        1.0
    ],
    "Adiac": [
        0.3226139269937224,
        0.2623013031027156,
        0.11345371097186702,
        0.1326298399722191,
        0.39619666802729303,
        0.5188168360325854,
        2.7034876745625085,
        3.862301530145847,
        0.015360725423650622,
        0.02194489505764686,
        1.186971701014682,
        0.19413539938715077,
        1.0
    ],
    "Wafer": [
        0.15793422760340176,
        0.16182862304300544,
        2.9861756475601555,
        1.5988105633083527,
        5.483025043389551,
        2.621876968866801,
        18.442529969517963,
        15.587756426498084,
        0.12133243400998661,
        0.10255102912169792,
        0.482019551615681,
        0.5634572780787948,
        1.0
    ],
    "BirdChicken": [
        0.3431640625,
        0.36956206308174855,
        1.2492700456,
        0.7132604805024393,
        8.550123243669834,
        8.208878734051147,
        124.946545133598,
        148.97941893895137,
        0.24403622096405858,
        0.2909754276151394,
        1.8861426830291748,
        2.018849844865966,
        1.0
    ],
    "Fish": [
        0.2191298981795742,
        0.25096897104411964,
        0.30432350192942853,
        0.15320757879833052,
        1.3540307827008402,
        1.1772947968938412,
        13.806677736399134,
        17.470651573724513,
        0.02982003830755753,
        0.03773358871214798,
        1.8083820234026227,
        1.0878094453827125,
        1.0
    ],
    "PhalangesOutlinesCorrect": [
        0.28937937062937064,
        0.25779570516218864,
        0.20208963821713288,
        0.14476659948634082,
        0.43920514152728163,
        0.42065307370964994,
        1.9252188925412086,
        2.645898077610863,
        0.024065236156765108,
        0.03307372597013578,
        1.1919798753756188,
        0.38330438311890447,
        1.0
    ],
    "CinCECGTorso": [
        0.10452865391587304,
        0.21696881075465793,
        3.9557041065265945,
        2.003546667848186,
        12.378486552608074,
        13.551246539183948,
        147.0874732679607,
        272.9342320168105,
        0.08974220455641288,
        0.16652485174912168,
        11.261428091837013,
        25.6950200567951,
        1.0
    ],
    "InsectEPGRegularTrain": [
        0.6875421820393054,
        0.30051330339840854,
        1.2603812851405622,
        0.7063977242921267,
        23.063440197275497,
        14.655962018707529,
        477.6165002008032,
        296.83582810174175,
        0.7947029953424346,
        0.49390320815597627,
        5.622743050257365,
        2.384405550857012,
        1.0
    ],