{
    "EigenWorms": "NotEvaluate",
    "Cricket": [
        0.8903683957779757,
        0.2632448845283927,
        1.0349736508174623,
        0.4761865315863379
    ],
    "BasicMotions": [
        0.7577398881884351,
        0.30204669234384424,
        0.3243080073284429,
        0.2218799563227536
    ],
    "StandWalkJump": [
        0.8209882464447406,
        0.11039135997880739,
        0.8078307916834848,
        0.05622649052393869
    ],
    "FaceDetection": "NotEvaluate",
    "Epilepsy": [
        0.6852490434792633,
        0.26182405137377657,
        0.7851528334422374,
        0.39637693882299535
    ],
    "NATOPS": [
        0.7260721932204326,
        0.226942131092247,
        0.7694306208047902,
        0.5324400018806891
    ],
    "Heartbeat": [
        0.2906475402017792,
        0.34947185756503957,
        0.3429283179804558,
        0.4025132571952387
    ],
    "AtrialFibrillation": "NotEvaluate",
    "RacketSports": [
        0.5870573845870632,
        0.16458867290034043,
        0.7789877267634914,
        0.2154120997678988
    ],
    "SelfRegulationSCP1": [
        1.8077211608059662,
        2.206114382397568,
        0.7219832135902747,
        0.6743082725111325
    ],
    "ERing": "NotEvaluate",
    "ECG200": [
        0.8871670266332928,
        0.4439538477960655,
        1.4480617791133912,
        0.7439842710472634
    ],
    "Beef": [
        0.5810565290059885,
        0.09717969046149322,
        1.0633212024276912,
        0.769483336203012
    ],
    "ElectricDevices": [
        0.7836984292931893,
        0.6010710284226244,
        0.8222337141415869,
        0.7455529790690197
    ],
    "Earthquakes": [
        0.6284580676755073,
        0.5332533656422179,
        0.5298744645044143,
        0.4519963557368661
    ],
    "Wafer": [
        1.8473871523490313,
        0.7685420624817696,
        3.924295863002941,
        1.5067924466649494
    ],
    "PowerCons": [
        0.8765712964805868,
        0.5206759694729514,
        1.1812117388735208,
        0.7188980551111919
    ],
    "NonInvasiveFetalECGThorax1": [
        0.7728784113695858,
        0.19852047464649958,
        1.0768896303950193,
        0.4689902582842859
    ],
    "Lightning2": [
        0.8017667305751317,
        0.3925074694361371,
        1.1840537864010574,
        0.527868984852411
    ],
    "ECG5000": [
        0.8489231232322825,
        0.529432925290685,
        1.5923077422504632,
        1.4892610814264424
    ],
    "GunPoint": [
        0.7094291143693776,
        0.5330642459973135,
        1.0015085523284009,
        0.6993430316778882
    ],
    "HandOutlines": [
        0.629938989283273,
        0.3737188870221056,
        0.8790039340404663,
        0.27762803036233275
    ],
    "CBF": [
        0.6986614360130401,
        0.1624537343793718,
        1.0112292267596623,
        0.2364583525952971
    ],
    "FordA": [
        0.7689610160578902,
        0.14310888331930163,
        0.9796993588837538,
        0.1815897113316142
    ],
    "TwoPatterns": [
        0.7916647333050774,
        0.26523969813050036,
        1.0507593749112885,
        0.3593590597776871
    ],
    "UWaveGestureLibraryAll": [
        1.3613317873891813,
        1.2641541678035058,
        1.6947986309900143,
        1.195145173618625
    ],
    "Chinatown": [
        0.7164879561489534,
        0.25958119046677086,
        0.9966866353337468,
        0.22320748540571198
    ],
    "Yoga": [
        0.7463380456564818,
        0.38441297423312015,
        1.0036946218700138,
        0.5159273611498277
    ],
    "DistalPhalanxOutlineCorrect": [
        0.5404220999752295,
        0.6453111847684875,
        0.6471876406106876,
        0.29807715724208117
    ],
    "Computers": [
        0.7516429245557336,
        0.35516787603918304,
        0.9794567960036096,
        0.45831829107273553
    ],
    "ShapesAll": [
        0.6466915885477592,
        0.20060994987325112,
        1.4578916743006585,
        0.7246685087810063
    ],
    "Strawberry": [
        0.6846331774666982,
        1.8301208998444194,
        0.4340415154396722,
        0.8105427417785604
    ],
    "Libras": [
        0.6841285560174356,
        0.19185368699747457,
        1.3371811366189008,
        0.7316565116505297
    ],
    "Phoneme": [
        NaN,
        NaN,
        0.897642183125139,
        0.30763105483965386
    ],
    "UWaveGestureLibrary": [
        0.8815957606272231,
        0.22796262135660833,
        1.2377048759043283,
        0.34523576957647617
    ],
    "ArticularyWordRecognition": [
        0.8047250376443638,
        0.20446986734312692,
        1.084011639901168,
        0.40603195501704975
    ],
    "PenDigits": [
        0.8789520160616459,
        0.4744692902955769,
        1.2898609481861785,
        0.9739957798581222
    ]
}