{
    "EigenWorms": "NotEvaluate",
    "Cricket": [
        1.8532875889618323,
        0.39232737232215753,
        2.6029508874200182,
        0.21448484680696697
    ],
    "BasicMotions": [
        1.0661975644649835,
        0.7771599612569974,
        4.561471638908173,
        1.9537985060061323
    ],
    "StandWalkJump": [
        1.0276735180519032,
        0.1479113159893454,
        1.7038990936151868,
        0.22130269316890214
    ],
    "FaceDetection": "NotEvaluate",
    "Epilepsy": [
        2.6545506841352666,
        1.008467201995115,
        3.792697552855497,
        0.8823385065934654
    ],
    "NATOPS": "NotEvaluate",
    "Heartbeat": "NotEvaluate",
    "AtrialFibrillation": "NotEvaluate",
    "RacketSports": [
        1.7118741372804451,
        0.3166256373960109,
        2.285089176045955,
        0.35389981080016636
    ],
    "SelfRegulationSCP1": [
        2.1892908654893835,
        2.1242316453241363,
        0.9408042658613355,
        0.5879227676935724
    ],
    "ERing": "NotEvaluate",
    "ECG200": [
        2.3410566162424717,
        1.2045606699343354,
        3.804736405285594,
        1.677161173536916
    ],
    "Beef": [
        0.8262614689690482,
        0.28022592004799307,
        2.1972902601526894,
        0.9445265256488186
    ],
    "ElectricDevices": [
        18.417893960342926,
        38.553152705374224,
        35.36568524579469,
        73.36989880313502
    ],
    "Earthquakes": [
        9.870528710034508,
        2.2147376268162366,
        7.261088434228589,
        1.6292344857451941
    ],
    "Wafer": [
        7.732230846250166,
        2.4084247782067414,
        17.82120464733361,
        5.578308865050072
    ],
    "PowerCons": [
        3.658145710387103,
        2.238941686516275,
        5.037344057735284,
        3.104761700666757
    ],
    "NonInvasiveFetalECGThorax1": [
        1.2499806442879127,
        0.4793248947651905,
        1.7379157306572683,
        0.765441618898845
    ],
    "Lightning2": "NotEvaluate",
    "ECG5000": [
        2.2421172249582617,
        0.6961117354051256,
        5.233609408955484,
        3.6047030861365696
    ],
    "GunPoint": [
        2.2726254522802547,
        1.161216991269289,
        3.3396753933391286,
        1.6903526724926146
    ],
    "HandOutlines": [
        1.2513156184991174,
        0.6342912001854686,
        1.9629393671859727,
        0.7757772787343201
    ],
    "CBF": [
        1.4635309355019561,
        0.4986245421574825,
        2.1325812938287205,
        0.7193905354090688
    ],
    "FordA": [
        1.2645518940684006,
        0.30672713381942945,
        1.6110386751616923,
        0.3834582821013386
    ],
    "TwoPatterns": [
        1.2687854481378353,
        0.5487056587125462,
        1.7255261240112583,
        0.8107353035794299
    ],
    "UWaveGestureLibraryAll": [
        1.853135200210172,
        0.7532838605802489,
        2.4163430906381516,
        0.8869599476153777
    ],
    "Chinatown": [
        1.154421605376307,
        0.3807945897378881,
        1.825304015126132,
        0.36017360486071776
    ],
    "Yoga": [
        1.4918261228346692,
        1.0636416646563107,
        1.9958031982706197,
        1.3654533420130601
    ],
    "DistalPhalanxOutlineCorrect": [
        2.1839392091470846,
        0.6719515643396674,
        1.0235196144836212,
        0.319949632462847
    ],
    "Computers": [
        2.6398478262965335,
        1.0136481076263018,
        3.3751835066479523,
        1.3005459566160777
    ],
    "ShapesAll": [
        1.1036825952803735,
        0.5745459166224234,
        1.9034751329619626,
        0.6378841474447626
    ],
    "Strawberry": [
        1.4466775119504651,
        3.008631543130262,
        0.9409486130972426,
        1.2500618960335799
    ],
    "Libras": [
        1.0086970418062693,
        0.2826321614987556,
        2.086343017077703,
        0.7521410855325038
    ],
    "Phoneme": [
        1.2606913229980565,
        0.3562686240082508,
        1.6158612987082839,
        0.30934826666111076
    ],
    "UWaveGestureLibrary": [
        1.7339552505777658,
        0.42976416777031407,
        2.3863344115622116,
        0.5152582269147813
    ],
    "ArticularyWordRecognition": [
        1.6286897333383583,
        0.14849136800099433,
        2.895737893220928,
        0.3025936761163589
    ],
    "PenDigits": [
        2.579193733445366,
        0.0,
        5.284998337761162,
        0.0
    ]
}