{
    "EigenWorms": "NotEvaluate",
    "Cricket": [
        1.9857728905608194,
        0.6365690859392458,
        2.926401474728206,
        0.7893633220257161
    ],
    "BasicMotions": [
        1.9116911473126845,
        1.662399302101744,
        4.230480855493528,
        2.092448058071584
    ],
    "StandWalkJump": [
        1.1399440951215627,
        0.15418437678681718,
        1.8999828453694225,
        0.12130816081407549
    ],
    "FaceDetection": "NotEvaluate",
    "Epilepsy": [
        2.882430895297835,
        1.1336842908428562,
        4.354413003483919,
        0.9675730849052495
    ],
    "NATOPS": [
        2.2690792259272876,
        1.0506747565898815,
        2.647788264690355,
        1.044916753852565
    ],
    "Heartbeat": [
        1.726152706728973,
        4.062450423494807,
        2.310594221350236,
        5.732582947522472
    ],
    "AtrialFibrillation": "NotEvaluate",
    "RacketSports": [
        1.9596130136095748,
        0.2932660097301553,
        2.6914035730206876,
        0.24613250411336735
    ],
    "SelfRegulationSCP1": [
        4.117703119567358,
        7.955001559312701,
        1.7382999231825345,
        2.481531947235789
    ],
    "ERing": "NotEvaluate",
    "ECG200": [
        3.679214871734249,
        1.1721742568728308,
        6.105054683816459,
        0.7089523089386461
    ],
    "Beef": [
        0.7998873886974837,
        0.27379563467813595,
        1.6606218339782763,
        1.1121582494577686
    ],
    "ElectricDevices": [
        0.119727383662436,
        0.062445324738292445,
        0.37321342408755653,
        0.17947091616845517
    ],
    "Earthquakes": [
        12.019154054507876,
        2.107978753927973,
        9.755470298700134,
        0.44147038907962366
    ],
    "Wafer": [
        10.983737988621971,
        2.7259322350828583,
        25.419554840910802,
        1.6498671022208384
    ],
    "PowerCons": [
        6.13409812854472,
        0.37533950473967753,
        9.289175612448172,
        1.459880062489042
    ],
    "NonInvasiveFetalECGThorax1": [
        1.4806333417445485,
        0.4276607918508796,
        2.308986784378209,
        0.7834190154957142
    ],
    "Lightning2": [
        2.7300033751147117,
        0.7485826689112601,
        4.135967692392521,
        0.7920115484396968
    ],
    "ECG5000": [
        3.195801111540278,
        1.5607800473584361,
        6.860935197053848,
        2.090190294998095
    ],
    "GunPoint": [
        3.976706401482898,
        0.48541988846423284,
        6.059167589673254,
        0.5213006096269287
    ],
    "HandOutlines": [
        1.0594870459527086,
        0.8207957965426417,
        1.5146918720354505,
        0.5334136634075468
    ],
    "CBF": [
        2.437529773769108,
        0.6202459179287201,
        3.997221713606028,
        0.9620961250797553
    ],
    "FordA": [
        1.636820674098745,
        0.12383957337329561,
        2.135849026633099,
        0.16266882227851248
    ],
    "TwoPatterns": [
        1.5948879940393923,
        0.8794473949024778,
        2.48758866420305,
        1.2689978782833602
    ],
    "UWaveGestureLibraryAll": [
        2.685903237424376,
        0.7862579801137306,
        3.7165306680692654,
        0.4674433934195384
    ],
    "Chinatown": [
        1.0435649160325313,
        0.2966782364131788,
        2.0082047629031443,
        0.418988872385808
    ],
    "Yoga": [
        2.291075530999442,
        0.41339292311241677,
        3.236301843622043,
        0.5853781530454727
    ],
    "DistalPhalanxOutlineCorrect": [
        1.261153651556474,
        1.4747538789780956,
        1.4588400181553147,
        0.5292570244762463
    ],
    "Computers": [
        3.730604371864935,
        0.3416215749775943,
        4.991727454762883,
        0.4235767418955514
    ],
    "ShapesAll": [
        1.1895112385285418,
        0.9210253366591777,
        2.3025902182606086,
        0.5544536253364049
    ],
    "Strawberry": [
        1.5804514493066724,
        3.2553452513677565,
        0.9134628027880336,
        1.4738219423285956
    ],
    "Libras": [
        1.1528236376534897,
        0.37128292447162553,
        2.3825115341234833,
        0.7512712854239235
    ],
    "UWaveGestureLibrary": [
        1.567292986828795,
        0.39657023690211957,
        2.5606334294040876,
        0.40900912154851243
    ],
    "ArticularyWordRecognition": [
        1.8295343570829852,
        0.5535842413938142,
        2.8048000187552296,
        0.6470736006657408
    ],
    "PenDigits": [
        0.672223872667318,
        0.3401589335525346,
        1.8039906616966026,
        1.4950406286632905
    ]
}