{
    "ACSF1": [
        0.531890410958904,
        0.27610039009053233,
        2.17753017701,
        3.248462939407999,
        7.960445666811906,
        9.900196117423253,
        136.26933732404095,
        186.6035986366443,
        0.09333516255071297,
        0.12781068399770157,
        45.01833300828934,
        26.216193586587675,
        1.0
    ],
    "PigArtPressure": [
        0.2785120192307692,
        0.18222757881434437,
        21.948300918269233,
        6.98026793547521,
        194.91597897579203,
        103.54106802273051,
        3935.458587504808,
        3100.395099982857,
        1.9677292937524038,
        1.5501975499914282,
        47.208672694288765,
        41.00448000501792,
        1.0
    ],
    "SyntheticControl": [
        0.37633333333333335,
        0.1735657629663007,
        1.8947843601133336,
        0.5694479088912375,
        4.164676539230054,
        1.4845961825600047,
        16.638940054638635,
        8.522218058050107,
        0.2773156675773106,
        0.14203696763416845,
        0.357548086643219,
        0.04714293836247015,
        1.0
    ],
    "ChlorineConcentration": [
        0.22445877259036143,
        0.20960049227555874,
        0.3743768578175782,
        0.35496383207725385,
        0.6464501550418071,
        0.8932776462411378,
        3.2020408999657826,
        7.346017481640936,
        0.019289403011842062,
        0.04425311735928275,
        0.8164371707166235,
        0.22373094161528395,
        1.0
    ],
    "Meat": [
        0.002232142857142856,
        8.673617379884035e-19,
        0.03783095833333334,
        0.026657908903683677,
        0.03783095833333334,
        0.026657908903683677,
        0.03783095833333334,
        0.026657908903683677,
        8.444410342261905e-05,
        5.9504260945722493e-05,
        0.1848581631978353,
        0.0790601876148574,
        1.0
    ],
    "Ham": [
        0.17693072588664238,
        0.19562763450536713,
        1.0920948673266666,
        0.5455481135768011,
        3.489532272386392,
        2.3357883251384735,
        25.962123844631552,
        27.898959238044004,
        0.06023694627524722,
        0.06473076389337355,
        1.0456639471508207,
        0.8789233389531297,
        1.0
    ],
    "Coffee": [
        0.26523476523476525,
        0.08217959767464059,
        0.42791877142857143,
        0.11435671917011592,
        1.2585889766446066,
        0.2749776275497301,
        8.2191231894975,
        2.7578949280563045,
        0.02873819297027098,
        0.009642989258938127,
        0.5853032469749451,
        0.17525757828144584,
        1.0
    ],
    "ProximalPhalanxOutlineCorrect": [
        0.4014604810996564,
        0.27261346069796416,
        0.13647254719072166,
        0.07273483697887312,
        0.3331790388873282,
        0.1993059532257141,
        1.6738334421075327,
        1.431344626554135,
        0.020922918026344158,
        0.017891807831926686,
        0.4627213215909873,
        0.1241287912062277,
        1.0
    ],
    "SemgHandSubjectCh2": "NotEvaluate",
    "ECG200": [
        0.5278124999999999,
        0.2603918946551204,
        20.358948133260004,
        11.87934737375462,
        3.5785701778614247,
        1.450257723798671,
        1.4327117755010002,
        0.6242762374234109,
        0.212072376388125,
        0.12374320180994397,
        0.2546297812461853,
        0.12186627605965675,
        1.0
    ],
    "Computers": [
        0.27190555555555557,
        0.2582135624982249,
        102.35281839003038,
        94.62382125263198,
        12.600833594859514,
        7.542050117226141,
        3.9317682977203994,
        3.156200083877087,
        0.14215669220837554,
        0.13142197396198887,
        2.309954144477844,
        2.362002122361948,
        1.0
    ],
    "PigAirwayPressure": "NotEvaluate",
    "ShapeletSim": "NotEvaluate",
    "TwoLeadECG": "NotEvaluate",
    "Adiac": "NotEvaluate",
    "Wafer": [
        0.2163453328324055,
        0.1491027825169487,
        26.224507425831586,
        10.684562348070965,
        6.855344022172605,
        2.1125056194829077,
        3.127009987108371,
        1.7956955882285517,
        0.1725296541173131,
        0.07029317334257214,
        0.19172585687414537,
        0.1284742490018161,
        1.0
    ],
    "BirdChicken": "NotEvaluate",
    "Fish": "NotEvaluate",
    "PhalangesOutlinesCorrect": "NotEvaluate",
    "CinCECGTorso": "NotEvaluate",
    "InsectEPGRegularTrain": "NotEvaluate",
    "WordSynonyms": "NotEvaluate",
    "UMD": "NotEvaluate",
    "SmoothSubspace": "NotEvaluate",
    "TwoPatterns": [
        NaN,
        NaN,
        NaN,
        NaN,
        NaN,
        NaN,
        NaN,
        NaN,
        NaN,
        NaN,
        0.06522026455402374,
        0.01983675149532118,
        0.0
    ],
    "SonyAIBORobotSurface1": "NotEvaluate",
    "MixedShapesRegularTrain": "NotEvaluate",
    "SwedishLeaf": "NotEvaluate",
    "SemgHandGenderCh2": "NotEvaluate",
    "Strawberry": [
        0.2833352501437608,
        0.23964254461247625,
        5.005963501253411,
        8.162711678458603,
        0.6827353406274058,
        0.8936737753499628,
        0.1960991011810811,
        0.23730440740563127,
        0.021301972345759194,
        0.0347349433125898,
        0.38519181303075845,
        0.2983708691734935,
        1.0
    ],
    "Lightning7": "NotEvaluate",
    "SmallKitchenAppliances": "NotEvaluate",
    "SonyAIBORobotSurface2": "NotEvaluate",
    "ECG5000": [
        0.2897380952380952,
        0.19053650681913692,
        21.84674684821716,
        11.204340597419447,
        4.752900428400538,
        2.482156033340203,
        2.0056632958091076,
        1.1045033917496359,
        0.1560481917729797,
        0.08003100426728177,
        0.21326531389024522,
        0.13198538433322585,
        1.0
    ],
    "Car": "NotEvaluate",
    "FordA": [
        0.31812575757575756,
        0.23686910962411928,
        122.88692216367185,
        93.54547270431317,
        11.034850883861479,
        5.444813692962666,
        2.230087844523106,
        0.7308581176255239,
        0.24577384432734375,
        0.18709094540862634,
        1.5820805992140914,
        1.104149868293455,
        1.0
    ],
    "SemgHandMovementCh2": "NotEvaluate",
    "ECGFiveDays": "NotEvaluate",
    "DistalPhalanxOutlineCorrect": [
        0.4432065217391304,
        0.2635444179779226,
        4.260543219165544,
        4.184663180219862,
        0.8431581320240864,
        0.6390956585202826,
        0.33693244580978254,
        0.1994712834728192,
        0.05325679023956929,
        0.05230828975274827,
        0.18377984520317853,
        0.08708275828348323,
        1.0
    ],
    "Rock": "NotEvaluate",
    "EOGHorizontalSignal": "NotEvaluate",
    "CricketX": "NotEvaluate",
    "Lightning2": [
        0.2137324034279538,
        0.23190480513175896,
        98.74934759963506,
        88.33591561541175,
        13.068068343345972,
        7.765849101243869,
        6.6487951770655735,
        4.524428213168509,
        0.15502252370429365,
        0.13867490677458674,
        1.3757482317627454,
        1.6209825711668526,
        1.0
    ],
    "OSULeaf": "NotEvaluate",
    "NonInvasiveFetalECGThorax1": [
        NaN,
        NaN,
        NaN,
        NaN,
        NaN,
        NaN,
        NaN,
        NaN,
        NaN,
        NaN,
        0.06833319397069722,
        0.023139065040566478,
        0.0
    ],
    "PowerCons": [
        0.25127314814814816,
        0.1580418094735272,
        35.774055555555556,
        17.783972081537733,
        7.696918636638671,
        2.437516416096945,
        2.969388888888889,
        0.8606749056466539,
        0.24843094135802468,
        0.12349980612178982,
        0.20526162650850083,
        0.11901129356001303,
        1.0
    ],
    "ItalyPowerDemand": "NotEvaluate",
    "StarLightCurves": "NotEvaluate",
    "WormsTwoClass": "NotEvaluate",