{
    "ACSF1": [
        0.531890410958904,
        0.27610039009053233,
        2.17753017701,
        3.248462939407999,
        7.960445666811906,
        9.900196117423253,
        136.26933732404095,
        186.6035986366443,
        0.09333516255071297,
        0.12781068399770157,
        45.01833300828934,
        26.216193586587675,
        1.0
    ],
    "PigArtPressure": [
        0.2785120192307692,
        0.18222757881434437,
        21.948300918269233,
        6.98026793547521,
        194.91597897579203,
        103.54106802273051,
        3935.458587504808,
        3100.395099982857,
        1.9677292937524038,
        1.5501975499914282,
        47.208672694288765,
        41.00448000501792,
        1.0
    ],
    "SyntheticControl": [
        0.37633333333333335,
        0.1735657629663007,
        1.8947843601133336,
        0.5694479088912375,
        4.164676539230054,
        1.4845961825600047,
        16.638940054638635,
        8.522218058050107,
        0.2773156675773106,
        0.14203696763416845,
        0.357548086643219,
        0.04714293836247015,
        1.0
    ],
    "ChlorineConcentration": [
        0.22445877259036143,
        0.20960049227555874,
        0.3743768578175782,
        0.35496383207725385,
        0.6464501550418071,
        0.8932776462411378,
        3.2020408999657826,
        7.346017481640936,
        0.019289403011842062,
        0.04425311735928275,
        0.8164371707166235,
        0.22373094161528395,
        1.0
    ],
    "Meat": [
        0.002232142857142856,
        8.673617379884035e-19,
        0.03783095833333334,
        0.026657908903683677,
        0.03783095833333334,
        0.026657908903683677,
        0.03783095833333334,
        0.026657908903683677,
        8.444410342261905e-05,
        5.9504260945722493e-05,
        0.1848581631978353,
        0.0790601876148574,
        1.0
    ],
    "Ham": [
        0.17693072588664238,
        0.19562763450536713,
        1.0920948673266666,
        0.5455481135768011,
        3.489532272386392,
        2.3357883251384735,
        25.962123844631552,
        27.898959238044004,
        0.06023694627524722,
        0.06473076389337355,
        1.0456639471508207,
        0.8789233389531297,
        1.0
    ],
    "Coffee": [
        0.26523476523476525,
        0.08217959767464059,
        0.42791877142857143,
        0.11435671917011592,
        1.2585889766446066,
        0.2749776275497301,
        8.2191231894975,
        2.7578949280563045,
        0.02873819297027098,
        0.009642989258938127,
        0.5853032469749451,
        0.17525757828144584,
        1.0
    ],
    "ProximalPhalanxOutlineCorrect": [
        0.4014604810996564,
        0.27261346069796416,
        0.13647254719072166,
        0.07273483697887312,
        0.3331790388873282,
        0.1993059532257141,
        1.6738334421075327,
        1.431344626554135,
        0.020922918026344158,
        0.017891807831926686,
        0.4627213215909873,
        0.1241287912062277,
        1.0
    ],
    "SemgHandSubjectCh2": "NotEvaluate",
    "ECG200": "NotEvaluate",
    "Computers": "NotEvaluate",
    "PigAirwayPressure": "NotEvaluate",
    "ShapeletSim": "NotEvaluate",
    "TwoLeadECG": "NotEvaluate",
    "Adiac": "NotEvaluate",
    "Wafer": "NotEvaluate",
    "BirdChicken": "NotEvaluate",
    "Fish": "NotEvaluate",
    "PhalangesOutlinesCorrect": "NotEvaluate",
    "CinCECGTorso": "NotEvaluate",
    "InsectEPGRegularTrain": "NotEvaluate",
    "WordSynonyms": "NotEvaluate",
    "UMD": "NotEvaluate",
    "SmoothSubspace": "NotEvaluate",
    "TwoPatterns": "NotEvaluate",
    "SonyAIBORobotSurface1": "NotEvaluate",
    "MixedShapesRegularTrain": "NotEvaluate",
    "SwedishLeaf": "NotEvaluate",
    "SemgHandGenderCh2": "NotEvaluate",
    "Strawberry": "NotEvaluate",
    "Lightning7": "NotEvaluate",
    "SmallKitchenAppliances": "NotEvaluate",
    "SonyAIBORobotSurface2": "NotEvaluate",
    "ECG5000": "NotEvaluate",
    "Car": "NotEvaluate",
    "FordA": "NotEvaluate",
    "SemgHandMovementCh2": "NotEvaluate",
    "ECGFiveDays": "NotEvaluate",
    "DistalPhalanxOutlineCorrect": "NotEvaluate",
    "Rock": "NotEvaluate",
    "EOGHorizontalSignal": "NotEvaluate",
    "CricketX": "NotEvaluate",
    "Lightning2": "NotEvaluate",
    "OSULeaf": "NotEvaluate",
    "NonInvasiveFetalECGThorax1": "NotEvaluate",
    "PowerCons": "NotEvaluate",
    "ItalyPowerDemand": "NotEvaluate",
    "StarLightCurves": "NotEvaluate",
    "WormsTwoClass": "NotEvaluate",
    "Mallat": "NotEvaluate",
    "Earthquakes": "NotEvaluate",
    "FordB": "NotEvaluate",
    "Yoga": "NotEvaluate",
    "FaceAll": "NotEvaluate",
    "DistalPhalanxOutlineAgeGroup": "NotEvaluate",
    "ToeSegmentation1": "NotEvaluate",
    "MiddlePhalanxOutlineCorrect": "NotEvaluate",
    "CricketZ": "NotEvaluate",
    "MiddlePhalanxTW": "NotEvaluate",
    "EOGVerticalSignal": "NotEvaluate",
    "CBF": "NotEvaluate",
    "BME": "NotEvaluate",
    "ElectricDevices": "NotEvaluate",
    "RefrigerationDevices": "NotEvaluate",
    "Beef": "NotEvaluate",
    "FaceFour": "NotEvaluate",
    "Trace": "NotEvaluate",
    "GunPointOldVersusYoung": "NotEvaluate",
    "DistalPhalanxTW": "NotEvaluate",
    "InlineSkate": "NotEvaluate",
    "Crop": "NotEvaluate",
    "Symbols": "NotEvaluate",
    "OliveOil": "NotEvaluate",
    "UWaveGestureLibraryAll": "NotEvaluate",
    "UWaveGestureLibraryY": "NotEvaluate",
    "FacesUCR": "NotEvaluate",
    "InsectWingbeatSound": "NotEvaluate",
    "FreezerRegularTrain": "NotEvaluate",
    "UWaveGestureLibraryZ": "NotEvaluate",
    "NonInvasiveFetalECGThorax2": "NotEvaluate",
    "Chinatown": "NotEvaluate",
    "GunPoint": "NotEvaluate",
    "MixedShapesSmallTrain": "NotEvaluate",
    "LargeKitchenAppliances": "NotEvaluate",
    "MiddlePhalanxOutlineAgeGroup": "NotEvaluate",
    "Wine": "NotEvaluate",
    "Haptics": "NotEvaluate",
    "HandOutlines": "NotEvaluate",
    "Phoneme": "NotEvaluate",
    "ToeSegmentation2": "NotEvaluate",
    "Herring": "NotEvaluate",
    "GunPointMaleVersusFemale": "NotEvaluate",
    "MoteStrain": "NotEvaluate",
    "FreezerSmallTrain": "NotEvaluate",
    "GunPointAgeSpan": "NotEvaluate",
    "ArrowHead": "NotEvaluate",
    "Plane": "NotEvaluate",
    "DiatomSizeReduction": "NotEvaluate",
    "EthanolLevel": "NotEvaluate",
    "HouseTwenty": "NotEvaluate",
    "InsectEPGSmallTrain": "NotEvaluate",
    "ScreenType": "NotEvaluate",
    "BeetleFly": "NotEvaluate",
    "MedicalImages": "NotEvaluate",
    "ShapesAll": "NotEvaluate",
    "ProximalPhalanxTW": "NotEvaluate",
    "FiftyWords": "NotEvaluate",
    "Worms": "NotEvaluate",
    "UWaveGestureLibraryX": "NotEvaluate",
    "PigCVP": "NotEvaluate",
    "ProximalPhalanxOutlineAgeGroup": "NotEvaluate",
    "CricketY": "NotEvaluate",
    "Epilepsy": "NotEvaluate",
    "Libras": "NotEvaluate",
    "ArticularyWordRecognition": "NotEvaluate",
    "Heartbeat": "NotEvaluate",
    "MotorImagery": "NotEvaluate",
    "Handwriting": "NotEvaluate",
    "EthanolConcentration": "NotEvaluate",
    "HandMovementDirection": "NotEvaluate",
    "RacketSports": "NotEvaluate",
    "PEMS-SF": "NotEvaluate",
    "SelfRegulationSCP1": "NotEvaluate",
    "UWaveGestureLibrary": "NotEvaluate",
    "FaceDetection": "NotEvaluate",
    "Cricket": "NotEvaluate",
    "EigenWorms": "NotEvaluate",
    "PenDigits": "NotEvaluate",
    "SelfRegulationSCP2": "NotEvaluate",
    "LSST": "NotEvaluate",
    "FingerMovements": "NotEvaluate",
    "NATOPS": "NotEvaluate",
    "StandWalkJump": "NotEvaluate",
    "BasicMotions": "NotEvaluate",
    "PhonemeSpectra": "NotEvaluate"
}