{
    "ACSF1": 0.87,
    "PigArtPressure": 0.4567307692307692,
    "SyntheticControl": 0.9833333333333333,
    "ChlorineConcentration": 0.790625,
    "Meat": 0.9333333333333333,
    "Ham": 0.6761904761904762,
    "Coffee": 0.9642857142857143,
    "ProximalPhalanxOutlineCorrect": 0.8762886597938144,
    "SemgHandSubjectCh2": 0.6533333333333333,
    "ECG200": 0.86,
    "Computers": 0.868,
    "PigAirwayPressure": 0.36538461538461536,
    "ShapeletSim": 1.0,
    "TwoLeadECG": 0.9894644424934153,
    "Adiac": 0.7979539641943734,
    "Wafer": 0.9941596365996106,
    "BirdChicken": 0.95,
    "Fish": 0.92,
    "PhalangesOutlinesCorrect": 0.8275058275058275,
    "CinCECGTorso": 0.6673913043478261,
    "InsectEPGRegularTrain": 1.0,
    "WordSynonyms": 0.4843260188087774,
    "UMD": 0.9930555555555556,
    "SmoothSubspace": 0.9666666666666667,
    "TwoPatterns": 0.91325,
    "SonyAIBORobotSurface1": 0.9384359400998337,
    "MixedShapesRegularTrain": 0.9278350515463918,
    "SwedishLeaf": 0.9392,
    "SemgHandGenderCh2": 0.8333333333333334,
    "Strawberry": 0.972972972972973,
    "Lightning7": 0.7397260273972602,
    "SmallKitchenAppliances": 0.768,
    "SonyAIBORobotSurface2": 0.925498426023085,
    "ECG5000": 0.9295555555555556,
    "Car": 0.8333333333333334,
    "FordA": 0.9075757575757576,
    "SemgHandMovementCh2": 0.5644444444444444,
    "ECGFiveDays": 0.967479674796748,
    "DistalPhalanxOutlineCorrect": 0.7644927536231884,
    "Rock": 0.6,
    "EOGHorizontalSignal": 0.6243093922651933,
    "CricketX": 0.7282051282051282,
    "Lightning2": 0.7377049180327869,
    "OSULeaf": 0.8512396694214877,
    "NonInvasiveFetalECGThorax1": 0.9094147582697201,
    "PowerCons": 0.9,
    "ItalyPowerDemand": 0.9504373177842566,
    "StarLightCurves": "NotTrained",
    "WormsTwoClass": "NotTrained",
    "Mallat": "NotTrained",
    "Earthquakes": "NotTrained",
    "FordB": "NotTrained",
    "Yoga": "NotTrained",
    "FaceAll": "NotTrained",
    "DistalPhalanxOutlineAgeGroup": "NotTrained",
    "ToeSegmentation1": "NotTrained",
    "MiddlePhalanxOutlineCorrect": "NotTrained",
    "CricketZ": "NotTrained",
    "MiddlePhalanxTW": "NotTrained",
    "EOGVerticalSignal": "NotTrained",
    "CBF": "NotTrained",
    "BME": "NotTrained",
    "ElectricDevices": "NotTrained",
    "RefrigerationDevices": "NotTrained",
    "Beef": "NotTrained",
    "FaceFour": "NotTrained",
    "Trace": "NotTrained",
    "GunPointOldVersusYoung": 1.0,
    "DistalPhalanxTW": 0.697841726618705,
    "InlineSkate": 0.3145454545454546,
    "Crop": 0.7623214285714286,
    "Symbols": 0.9115577889447236,
    "OliveOil": 0.4,
    "UWaveGestureLibraryAll": 0.8140703517587939,
    "UWaveGestureLibraryY": 0.631211613623674,
    "FacesUCR": 0.8258536585365853,
    "InsectWingbeatSound": 0.38484848484848483,
    "FreezerRegularTrain": 0.9891228070175438,
    "UWaveGestureLibraryZ": 0.7278056951423786,
    "NonInvasiveFetalECGThorax2": 0.9287531806615776,
    "Chinatown": 0.9766763848396501,
    "GunPoint": 0.9666666666666667,
    "MixedShapesSmallTrain": 0.8148453608247422,
    "LargeKitchenAppliances": 0.88,
    "MiddlePhalanxOutlineAgeGroup": 0.461038961038961,
    "Wine": 0.5,
    "Haptics": 0.42207792207792205,
    "HandOutlines": 0.7756756756756756,
    "Phoneme": 0.3143459915611814,
    "ToeSegmentation2": 0.8846153846153846,
    "Herring": 0.578125,
    "GunPointMaleVersusFemale": 1.0,
    "MoteStrain": 0.896964856230032,
    "FreezerSmallTrain": 0.7817543859649123,
    "GunPointAgeSpan": 0.9936708860759493,
    "ArrowHead": 0.72,
    "Plane": 1.0,
    "DiatomSizeReduction": 0.9150326797385621,
    "EthanolLevel": 0.662,
    "HouseTwenty": 0.8487394957983193,
    "InsectEPGSmallTrain": 1.0,
    "ScreenType": 0.6346666666666667,
    "BeetleFly": 0.75,
    "MedicalImages": 0.7513157894736842,
    "ShapesAll": 0.8366666666666667,
    "ProximalPhalanxTW": 0.7902439024390244,
    "FiftyWords": 0.589010989010989,
    "Worms": 0.8311688311688312,
    "UWaveGestureLibraryX": 0.7540480178671134,
    "PigCVP": 0.7932692307692307,
    "ProximalPhalanxOutlineAgeGroup": 0.824390243902439,
    "CricketY": 0.7128205128205128,
    "Epilepsy": 0.8913043478260869,
    "Libras": 0.6888888888888889,
    "ArticularyWordRecognition": 0.9266666666666666,
    "Heartbeat": 0.6585365853658537,
    "MotorImagery": 0.51,
    "Handwriting": 0.33176470588235296,
    "EthanolConcentration": 0.2965779467680608,
    "HandMovementDirection": 0.32432432432432434,
    "RacketSports": 0.7763157894736842,
    "PEMS-SF": 0.8323699421965318,
    "SelfRegulationSCP1": 0.825938566552901,
    "UWaveGestureLibrary": 0.8125,
    "FaceDetection": 0.5908059023836549,
    "Cricket": 0.8888888888888888,
    "EigenWorms": "NotTrained",
    "PenDigits": "NotTrained",
    "SelfRegulationSCP2": "NotTrained",
    "LSST": "NotTrained",
    "FingerMovements": "NotTrained",
    "NATOPS": "NotTrained",
    "StandWalkJump": "NotTrained",
    "BasicMotions": "NotTrained",
    "PhonemeSpectra": "NotTrained"
}