{
    "ACSF1": 0.87,
    "PigArtPressure": "NotTrained0.6586538461538461",
    "SyntheticControl": 0.9866666666666667,
    "ChlorineConcentration": 0.7791666666666667,
    "Meat": 0.8833333333333333,
    "Ham": 0.7047619047619048,
    "Coffee": 0.9642857142857143,
    "ProximalPhalanxOutlineCorrect": 0.9072164948453608,
    "SemgHandSubjectCh2": "NotTrained0.6777777777777778",
    "ECG200": 0.86,
    "Computers": 0.872,
    "PigAirwayPressure": 0.35096153846153844,
    "ShapeletSim": 0.9888888888888889,
    "TwoLeadECG": 0.9973661106233538,
    "Adiac": 0.8005115089514067,
    "Wafer": 0.9922128487994809,
    "BirdChicken": 0.9,
    "Fish": 0.9142857142857143,
    "PhalangesOutlinesCorrect": 0.8018648018648019,
    "CinCECGTorso": 0.7942028985507247,
    "InsectEPGRegularTrain": 1.0,
    "WordSynonyms": "NotTrained0.48589341692789967",
    "UMD": 0.9930555555555556,
    "SmoothSubspace": 0.9866666666666667,
    "TwoPatterns": 0.89575,
    "SonyAIBORobotSurface1": 0.9168053244592346,
    "MixedShapesRegularTrain": 0.9381443298969072,
    "SwedishLeaf": 0.952,
    "SemgHandGenderCh2": 0.8166666666666667,
    "Strawberry": 0.972972972972973,
    "Lightning7": 0.8082191780821918,
    "SmallKitchenAppliances": 0.7733333333333333,
    "SonyAIBORobotSurface2": 0.938090241343127,
    "ECG5000": 0.9277777777777778,
    "Car": 0.8833333333333333,
    "FordA": 0.9090909090909091,
    "SemgHandMovementCh2": 0.5666666666666667,
    "ECGFiveDays": 0.959349593495935,
    "DistalPhalanxOutlineCorrect": 0.7681159420289855,
    "Rock": 0.68,
    "EOGHorizontalSignal": 0.5994475138121547,
    "CricketX": "NotTrained0.7205128205128205",
    "Lightning2": 0.7049180327868853,
    "OSULeaf": "NotTrained0.9173553719008265",
    "NonInvasiveFetalECGThorax1": 0.9318066157760814,
    "PowerCons": 0.9333333333333333,
    "ItalyPowerDemand": 0.9455782312925171,
    "StarLightCurves": 0.9605390966488586,
    "WormsTwoClass": 0.7402597402597403,
    "Mallat": 0.9573560767590619,
    "Earthquakes": 0.7482014388489209,
    "FordB": 0.7555555555555555,
    "Yoga": 0.8036666666666666,
    "FaceAll": "NotTrained0.7733727810650888",
    "DistalPhalanxOutlineAgeGroup": 0.6906474820143885,
    "ToeSegmentation1": 0.9385964912280702,
    "MiddlePhalanxOutlineCorrect": 0.7972508591065293,
    "CricketZ": "NotTrained0.7461538461538462",
    "MiddlePhalanxTW": 0.512987012987013,
    "EOGVerticalSignal": 0.43646408839779005,
    "CBF": 0.9733333333333334,
    "BME": "NotTrained0.72",
    "ElectricDevices": 0.7013357541174945,
    "RefrigerationDevices": 0.5066666666666667,
    "Beef": 0.6666666666666667,
    "FaceFour": "NotTrained0.8068181818181818",
    "Trace": 1.0,
    "GunPointOldVersusYoung": 1.0,
    "DistalPhalanxTW": 0.697841726618705,
    "InlineSkate": 0.34,
    "Crop": 0.7621428571428571,
    "Symbols": 0.9567839195979899,
    "OliveOil": 0.8,
    "UWaveGestureLibraryAll": 0.8015075376884422,
    "UWaveGestureLibraryY": 0.6278615298715802,
    "FacesUCR": "NotTrained0.8834146341463415",
    "InsectWingbeatSound": 0.3803030303030303,
    "FreezerRegularTrain": 0.9957894736842106,
    "UWaveGestureLibraryZ": 0.7236180904522613,
    "NonInvasiveFetalECGThorax2": 0.9368956743002544,
    "Chinatown": 0.9854227405247813,
    "GunPoint": 1.0,
    "MixedShapesSmallTrain": "NotTrained0.8391752577319588",
    "LargeKitchenAppliances": 0.8986666666666666,
    "MiddlePhalanxOutlineAgeGroup": 0.551948051948052,
    "Wine": 0.7592592592592593,
    "Haptics": 0.4707792207792208,
    "HandOutlines": 0.8432432432432433,
    "Phoneme": 0.31329113924050633,
    "ToeSegmentation2": 0.8538461538461538,
    "Herring": "NotTrained0.59375",
    "GunPointMaleVersusFemale": 0.990506329113924,
    "MoteStrain": "NotTrained0.8873801916932907",
    "FreezerSmallTrain": 0.9407017543859649,
    "GunPointAgeSpan": 0.9493670886075949,
    "ArrowHead": "NotTrained0.7428571428571429",
    "Plane": 1.0,
    "DiatomSizeReduction": 0.8300653594771242,
    "EthanolLevel": 0.676,
    "HouseTwenty": 0.9327731092436975,
    "InsectEPGSmallTrain": 1.0,
    "ScreenType": 0.64,
    "BeetleFly": "NotTrained0.75",
    "MedicalImages": 0.7592105263157894,
    "ShapesAll": 0.855,
    "ProximalPhalanxTW": 0.7951219512195122,
    "FiftyWords": "NotTrained0.5934065934065934",
    "Worms": 0.8051948051948052,
    "UWaveGestureLibraryX": 0.7546063651591289,
    "PigCVP": 0.8076923076923077,
    "ProximalPhalanxOutlineAgeGroup": 0.8341463414634146,
    "CricketY": "NotTrained0.7076923076923077",
    "Epilepsy": 0.9057971014492754,
    "Libras": 0.7444444444444445,
    "ArticularyWordRecognition": 0.9466666666666667,
    "Heartbeat": 0.6536585365853659,
    "MotorImagery": 0.52,
    "Handwriting": 0.3376470588235294,
    "EthanolConcentration": 0.33079847908745247,
    "HandMovementDirection": 0.40540540540540543,
    "RacketSports": 0.8092105263157895,
    "PEMS-SF": 0.8901734104046243,
    "SelfRegulationSCP1": 0.7542662116040956,
    "UWaveGestureLibrary": 0.83125,
    "FaceDetection": 0.6254256526674233,
    "Cricket": 0.9166666666666666,
    "EigenWorms": 0.648854961832061,
    "PenDigits": 0.9845626072041166,
    "SelfRegulationSCP2": 0.55,
    "LSST": 0.6277372262773723,
    "FingerMovements": 0.56,
    "NATOPS": 0.8555555555555555,
    "StandWalkJump": 0.5333333333333333,
    "BasicMotions": 0.95,
    "PhonemeSpectra": 0.11631374888159857
}