{
    "ACSF1": 0.14161010086536407,
    "PigArtPressure": 0.06376637518405914,
    "SyntheticControl": 0.029437119141221046,
    "ChlorineConcentration": 0.002757542533800006,
    "Meat": 3.508309237076901e-05,
    "Ham": 0.0008463389240205288,
    "Coffee": 0.0011421632952988148,
    "ProximalPhalanxOutlineCorrect": 0.0006156670278869569,
    "SemgHandSubjectCh2": 2.087688446044922,
    "ECG200": 0.007488075643777847,
    "Computers": 0.017133576795458794,
    "PigAirwayPressure": 0.0012917534913867712,
    "ShapeletSim": 0.07149528712034225,
    "TwoLeadECG": 0.003234485862776637,
    "Adiac": 5.104500814923085e-05,
    "Wafer": 0.0013636646326631308,
    "BirdChicken": 0.0003468626528047025,
    "Fish": 0.00011912003537872806,
    "PhalangesOutlinesCorrect": 0.00020886189304292202,
    "CinCECGTorso": 0.00039146628114394844,
    "InsectEPGRegularTrain": 0.00012554149725474417,
    "WordSynonyms": 0.00017518574895802885,
    "UMD": 0.0001904080418171361,
    "SmoothSubspace": 0.015751726925373077,
    "TwoPatterns": 0.0028467734809964895,
    "SonyAIBORobotSurface1": 0.006291531026363373,
    "MixedShapesRegularTrain": 6.20394348516129e-05,
    "SwedishLeaf": 0.0009454371756874025,
    "SemgHandGenderCh2": 15.139080047607422,
    "Strawberry": 5.404977491707541e-05,
    "Lightning7": 0.03044029325246811,
    "SmallKitchenAppliances": 0.004801787436008453,
    "SonyAIBORobotSurface2": 0.008290623314678669,
    "ECG5000": 0.0020028522703796625,
    "Car": 0.0002764018427114934,
    "FordA": 3.0809580493951216e-05,
    "SemgHandMovementCh2": 2.1050539016723633,
    "ECGFiveDays": 0.014351640827953815,
    "DistalPhalanxOutlineCorrect": 0.0007059029885567725,
    "Rock": 0.1332768201828003,
    "EOGHorizontalSignal": 0.8590005040168762,
    "CricketX": 0.012891359627246857,
    "Lightning2": 0.02844553254544735,
    "OSULeaf": 0.0008113628136925399,
    "NonInvasiveFetalECGThorax1": 4.7144520067377016e-05,
    "PowerCons": 0.012934773229062557,
    "ItalyPowerDemand": 0.006054149009287357,
    "StarLightCurves": 1.6014261063901358e-06,
    "WormsTwoClass": 0.0008505883160978556,
    "Mallat": 0.00031000757007859647,
    "Earthquakes": 0.010799665935337543,
    "FordB": 7.064762758091092e-05,
    "Yoga": 0.0001842267083702609,
    "FaceAll": 0.006622591055929661,
    "DistalPhalanxOutlineAgeGroup": 0.0010946736438199878,
    "ToeSegmentation1": 0.005055110435932875,
    "MiddlePhalanxOutlineCorrect": 0.00047043157974258065,
    "CricketZ": 0.011894037947058678,
    "MiddlePhalanxTW": 0.00036669147084467113,
    "EOGVerticalSignal": 4.140379905700684,
    "CBF": 0.03380458056926727,
    "BME": 0.00019714090740308166,
    "ElectricDevices": 0.00535530736669898,
    "RefrigerationDevices": 0.009896272793412209,
    "Beef": 0.000599008402787149,
    "FaceFour": 0.025622975081205368,
    "Trace": 0.0011643407633528113,
    "GunPointOldVersusYoung": 22.41803741455078,
    "DistalPhalanxTW": 0.0007242507417686284,
    "InlineSkate": 0.00015525039634667337,
    "Crop": 1.8067945347866043e-05,
    "Symbols": 0.00037108318065293133,
    "OliveOil": 6.530351674882695e-05,
    "UWaveGestureLibraryAll": 0.00022021125187166035,
    "UWaveGestureLibraryY": 0.00016203534323722124,
    "FacesUCR": 0.004133068956434727,
    "InsectWingbeatSound": 0.0008507282473146915,
    "FreezerRegularTrain": 0.0007636512746103108,
    "UWaveGestureLibraryZ": 6.30887589068152e-05,
    "NonInvasiveFetalECGThorax2": 8.190124935936183e-05,
    "Chinatown": 4062.3828125,
    "GunPoint": 0.00023024324036668986,
    "MixedShapesSmallTrain": 0.0002080867998301983,
    "LargeKitchenAppliances": 0.008896919898688793,
    "MiddlePhalanxOutlineAgeGroup": 0.0004780733142979443,
    "Wine": 9.074979607248679e-05,
    "Haptics": 0.0001832942944020033,
    "HandOutlines": 4.924775112158386e-06,
    "Phoneme": 0.0071103135123848915,
    "ToeSegmentation2": 0.002161454176530242,
    "Herring": 0.00040404239553026855,
    "GunPointMaleVersusFemale": 20.77775764465332,
    "MoteStrain": 0.017327772453427315,
    "FreezerSmallTrain": 0.0009606757666915655,
    "GunPointAgeSpan": 8.485974311828613,
    "ArrowHead": 0.00043051879038102925,
    "Plane": 0.0018702454399317503,
    "DiatomSizeReduction": 0.0003242558450438082,
    "EthanolLevel": 9.547449735691771e-06,
    "HouseTwenty": 16717.439453125,
    "InsectEPGSmallTrain": 8.403328683925793e-05,
    "ScreenType": 0.0053206621669232845,
    "BeetleFly": 0.001087930053472519,
    "MedicalImages": 0.0009721483220346272,
    "ShapesAll": 0.00014396430924534798,
    "ProximalPhalanxTW": 0.0003563423815649003,
    "FiftyWords": 5.5388856708304957e-05,
    "Worms": 0.0006760782562196255,
    "UWaveGestureLibraryX": 0.0002098126569762826,
    "PigCVP": 0.007759666536003351,
    "ProximalPhalanxOutlineAgeGroup": 0.0003523919149301946,
    "CricketY": 0.011537639424204826,
    "Epilepsy": 0.11683055013418198,
    "Libras": 0.0005401605740189552,
    "ArticularyWordRecognition": 0.12348157912492752,
    "Heartbeat": 0.017128771170973778,
    "MotorImagery": 16.181726455688477,
    "Handwriting": 0.040626633912324905,
    "EthanolConcentration": 888671.8125,
    "HandMovementDirection": 8827.015625,
    "RacketSports": 10.923357009887695,
    "PEMS-SF": 0.0011515438091009855,
    "SelfRegulationSCP1": 37.80414581298828,
    "UWaveGestureLibrary": 0.38010266423225403,
    "FaceDetection": 0.5518404245376587,
    "Cricket": 0.6607873439788818,
    "EigenWorms": 2.751291036605835,
    "PenDigits": 8.25879192352295,
    "SelfRegulationSCP2": 48.25906753540039,
    "LSST": 528.9005126953125,
    "FingerMovements": 117.3543930053711,
    "NATOPS": 0.04353850707411766,
    "StandWalkJump": 0.04788718372583389,
    "BasicMotions": 4.466518402099609,
    "PhonemeSpectra": 0.2011251300573349
}