{
    "PigArtPressure_1": 0.7115384615384616,
    "PigArtPressure_2": 0.6153846153846154,
    "PigArtPressure_3": 0.5,
    "PigArtPressure_4": 0.019230769230769232,
    "PigArtPressure_5": 0.5769230769230769,
    "PigAirwayPressure_1": 0.5144230769230769,
    "PigAirwayPressure_2": 0.41346153846153844,
    "PigAirwayPressure_3": 0.4230769230769231,
    "PigAirwayPressure_4": 0.5144230769230769,
    "PigAirwayPressure_5": 0.46153846153846156,
    "WordSynonyms_1": 0.47492163009404387,
    "WordSynonyms_2": 0.47648902821316613,
    "WordSynonyms_3": 0.47335423197492166,
    "WordSynonyms_4": 0.46238244514106586,
    "WordSynonyms_5": 0.46551724137931033,
    "EOGVerticalSignal_1": 0.425414364640884,
    "EOGVerticalSignal_2": 0.40607734806629836,
    "EOGVerticalSignal_3": 0.4088397790055249,
    "EOGVerticalSignal_4": 0.4171270718232044,
    "EOGVerticalSignal_5": 0.4088397790055249,
    "RefrigerationDevices_1": 0.504,
    "RefrigerationDevices_2": 0.5173333333333333,
    "RefrigerationDevices_3": 0.5093333333333333,
    "RefrigerationDevices_4": 0.536,
    "RefrigerationDevices_5": 0.496,
    "InlineSkate_1": 0.24909090909090909,
    "InlineSkate_2": 0.25636363636363635,
    "InlineSkate_3": 0.2727272727272727,
    "InlineSkate_4": 0.2818181818181818,
    "InlineSkate_5": 0.24909090909090909,
    "OliveOil_1": 0.7333333333333333,
    "OliveOil_2": 0.7333333333333333,
    "OliveOil_3": 0.7333333333333333,
    "OliveOil_4": 0.8333333333333334,
    "OliveOil_5": 0.7333333333333333,
    "InsectWingbeatSound_1": 0.3808080808080808,
    "InsectWingbeatSound_2": 0.3792929292929293,
    "InsectWingbeatSound_3": 0.38737373737373737,
    "InsectWingbeatSound_4": 0.3888888888888889,
    "InsectWingbeatSound_5": 0.3686868686868687,
    "MiddlePhalanxOutlineAgeGroup_1": 0.525974025974026,
    "MiddlePhalanxOutlineAgeGroup_2": 0.538961038961039,
    "MiddlePhalanxOutlineAgeGroup_3": 0.5324675324675324,
    "MiddlePhalanxOutlineAgeGroup_4": 0.5,
    "MiddlePhalanxOutlineAgeGroup_5": 0.6168831168831169,
    "Haptics_1": 0.4253246753246753,
    "Haptics_2": 0.39935064935064934,
    "Haptics_3": 0.42207792207792205,
    "Haptics_4": 0.4318181818181818,
    "Haptics_5": 0.4707792207792208,
    "Phoneme_1": 0.3059071729957806,
    "Phoneme_2": 0.3043248945147679,
    "Phoneme_3": 0.28217299578059074,
    "Phoneme_4": 0.3069620253164557,
    "Phoneme_5": 0.3069620253164557,
    "Handwriting_1": 0.32235294117647056,
    "Handwriting_2": 0.32235294117647056,
    "Handwriting_3": 0.34352941176470586,
    "Handwriting_4": 0.31176470588235294,
    "Handwriting_5": 0.3058823529411765,
    "EthanolConcentration_1": 0.2889733840304182,
    "EthanolConcentration_2": 0.27756653992395436,
    "EthanolConcentration_3": 0.30798479087452474,
    "EthanolConcentration_4": 0.30038022813688214,
    "EthanolConcentration_5": 0.30038022813688214,
    "HandMovementDirection_1": 0.32432432432432434,
    "HandMovementDirection_2": 0.33783783783783783,
    "HandMovementDirection_3": 0.35135135135135137,
    "HandMovementDirection_4": 0.2972972972972973,
    "HandMovementDirection_5": 0.36486486486486486,
    "FingerMovements_1": 0.51,
    "FingerMovements_2": 0.53,
    "FingerMovements_3": 0.54,
    "FingerMovements_4": 0.48,
    "FingerMovements_5": 0.51,
    "PhonemeSpectra_1": 0.11571726811810319,
    "PhonemeSpectra_2": 0.11720847002684164,
    "PhonemeSpectra_3": 0.10915597971965404,
    "PhonemeSpectra_4": 0.11154190277363556,
    "PhonemeSpectra_5": 0.10557709513868178
}