{
    "ACSF1": 0.88,
    "PigArtPressure": 0.9615384615384616,
    "SyntheticControl": 0.9933333333333333,
    "ChlorineConcentration": "NotTrained0.7953125",
    "Meat": "NotTrained0.6666666666666666",
    "Ham": 0.7428571428571429,
    "Coffee": 0.9642857142857143,
    "ProximalPhalanxOutlineCorrect": 0.8900343642611683,
    "SemgHandSubjectCh2": "NotTrained0.6711111111111111",
    "ECG200": 0.89,
    "Computers": 0.768,
    "PigAirwayPressure": "NotTrained0.4182692307692308",
    "ShapeletSim": 1.0,
    "TwoLeadECG": 0.9736611062335382,
    "Adiac": "NotTrained0.7698209718670077",
    "Wafer": 0.995619727449708,
    "BirdChicken": 0.95,
    "Fish": 0.9371428571428572,
    "PhalangesOutlinesCorrect": 0.8111888111888111,
    "CinCECGTorso": "NotTrained0.6471014492753623",
    "InsectEPGRegularTrain": 1.0,
    "WordSynonyms": "NotTrained0.6614420062695925",
    "UMD": 0.9791666666666666,
    "SmoothSubspace": 0.9733333333333334,
    "TwoPatterns": 1.0,
    "SonyAIBORobotSurface1": 0.9534109816971714,
    "MixedShapesRegularTrain": "NotTrained0.8589690721649484",
    "SwedishLeaf": 0.9424,
    "SemgHandGenderCh2": 0.8533333333333334,
    "Strawberry": 0.9702702702702702,
    "Lightning7": 0.821917808219178,
    "SmallKitchenAppliances": 0.7706666666666667,
    "SonyAIBORobotSurface2": 0.925498426023085,
    "ECG5000": 0.9193333333333333,
    "Car": "NotTrained0.7166666666666667",
    "FordA": 0.9424242424242424,
    "SemgHandMovementCh2": 0.52,
    "ECGFiveDays": 0.9976771196283392,
    "DistalPhalanxOutlineCorrect": 0.7463768115942029,
    "Rock": "NotTrained0.68",
    "EOGHorizontalSignal": 0.5883977900552486,
    "CricketX": 0.8153846153846154,
    "Lightning2": 0.7704918032786885,
    "OSULeaf": "NotTrained0.8057851239669421",
    "NonInvasiveFetalECGThorax1": 0.9251908396946565,
    "PowerCons": 1.0,
    "ItalyPowerDemand": 0.9601554907677357,
    "StarLightCurves": 0.9488829528897523,
    "WormsTwoClass": 0.7532467532467533,
    "Mallat": "NotTrained0.8985074626865671",
    "Earthquakes": 0.7050359712230215,
    "FordB": 0.8382716049382716,
    "Yoga": "NotTrained0.8533333333333334",
    "FaceAll": 0.8017751479289941,
    "DistalPhalanxOutlineAgeGroup": 0.7194244604316546,
    "ToeSegmentation1": 0.9342105263157895,
    "MiddlePhalanxOutlineCorrect": 0.8178694158075601,
    "CricketZ": "NotTrained0.8153846153846154",
    "MiddlePhalanxTW": 0.5,
    "EOGVerticalSignal": 0.47790055248618785,
    "CBF": 0.9955555555555555,
    "BME": 0.9933333333333333,
    "ElectricDevices": 0.7180651018026196,
    "RefrigerationDevices": 0.496,
    "Beef": "NotTrained",
    "FaceFour": "NotTrained",
    "Trace": 1.0,
    "GunPointOldVersusYoung": 1.0,
    "DistalPhalanxTW": 0.6546762589928058,
    "InlineSkate": "NotTrained0.27636363636363637",
    "Crop": 0.7710714285714285,
    "Symbols": 0.9527638190954774,
    "OliveOil": "NotTrained0.4",
    "UWaveGestureLibraryAll": "NotTrained0.8785594639865997",
    "UWaveGestureLibraryY": "NotTrained0.6901172529313233",
    "FacesUCR": "NotTrained0.9121951219512195",
    "InsectWingbeatSound": 0.6171717171717171,
    "FreezerRegularTrain": 0.9950877192982456,
    "UWaveGestureLibraryZ": "NotTrained0.7211055276381909",
    "NonInvasiveFetalECGThorax2": 0.9180661577608142,
    "Chinatown": 0.9766763848396501,
    "GunPoint": 0.9866666666666667,
    "MixedShapesSmallTrain": "NotTrained0.8296907216494845",
    "LargeKitchenAppliances": 0.8906666666666667,
    "MiddlePhalanxOutlineAgeGroup": 0.5584415584415584,
    "Wine": 0.7222222222222222,
    "Haptics": "NotTrained0.41883116883116883",
    "HandOutlines": "NotTrained0.8135135135135135",
    "Phoneme": "NotTrained0.3106540084388186",
    "ToeSegmentation2": 0.9076923076923077,
    "Herring": 0.65625,
    "GunPointMaleVersusFemale": 1.0,
    "MoteStrain": 0.8913738019169329,
    "FreezerSmallTrain": 0.8571929824561404,
    "GunPointAgeSpan": 0.9810126582278481,
    "ArrowHead": 0.8228571428571428,
    "Plane": 0.9809523809523809,
    "DiatomSizeReduction": 0.9052287581699346,
    "EthanolLevel": 0.828,
    "HouseTwenty": 0.9915966386554622,
    "InsectEPGSmallTrain": 1.0,
    "ScreenType": 0.568,
    "BeetleFly": 0.85,
    "MedicalImages": 0.775,
    "ShapesAll": "NotTrained0.865",
    "ProximalPhalanxTW": 0.775609756097561,
    "FiftyWords": "NotTrained0.7582417582417582",
    "Worms": 0.8311688311688312,
    "UWaveGestureLibraryX": 0.7847571189279732,
    "PigCVP": "NotTrained0.8990384615384616",
    "ProximalPhalanxOutlineAgeGroup": 0.8292682926829268,
    "CricketY": "NotTrained0.7923076923076923",
    "Epilepsy": 0.9202898550724637,
    "Libras": 0.7833333333333333,
    "ArticularyWordRecognition": 0.9433333333333334,
    "Heartbeat": 0.6390243902439025,
    "MotorImagery": 0.52,
    "Handwriting": 0.42705882352941177,
    "EthanolConcentration": 0.33079847908745247,
    "HandMovementDirection": 0.3918918918918919,
    "RacketSports": 0.8157894736842105,
    "PEMS-SF": "NotTrained",
    "SelfRegulationSCP1": "NotTrained",
    "UWaveGestureLibrary": "NotTrained",
    "FaceDetection": "NotTrained",
    "Cricket": "NotTrained",
    "EigenWorms": "NotTrained",
    "PenDigits": "NotTrained",
    "SelfRegulationSCP2": 0.5388888888888889,
    "LSST": 0.624493106244931,
    "FingerMovements": 0.61,
    "NATOPS": 0.8555555555555555,
    "StandWalkJump": 0.5333333333333333,
    "BasicMotions": 1.0,
    "PhonemeSpectra": 0.16641813301521025
}