{
    "Meat_1": 0.55,
    "Meat_2": 0.4666666666666667,
    "Meat_3": 0.38333333333333336,
    "Meat_4": 0.3333333333333333,
    "Meat_5": 0.5833333333333334,
    "PigAirwayPressure_1": 0.34134615384615385,
    "PigAirwayPressure_2": 0.25961538461538464,
    "PigAirwayPressure_3": 0.41346153846153844,
    "PigAirwayPressure_4": 0.33653846153846156,
    "PigAirwayPressure_5": 0.3701923076923077,
    "WordSynonyms_1": 0.6442006269592476,
    "WordSynonyms_2": 0.6050156739811913,
    "WordSynonyms_3": 0.609717868338558,
    "WordSynonyms_4": 0.6347962382445141,
    "WordSynonyms_5": 0.6050156739811913,
    "EOGVerticalSignal_1": 0.4861878453038674,
    "EOGVerticalSignal_2": 0.4861878453038674,
    "EOGVerticalSignal_3": 0.43370165745856354,
    "EOGVerticalSignal_4": 0.5,
    "EOGVerticalSignal_5": 0.430939226519337,
    "InlineSkate_1": 0.23454545454545456,
    "InlineSkate_2": 0.23272727272727273,
    "InlineSkate_3": 0.27636363636363637,
    "InlineSkate_4": 0.1890909090909091,
    "InlineSkate_5": 0.2581818181818182,
    "OliveOil_1": 0.4,
    "OliveOil_2": 0.4,
    "OliveOil_3": 0.4,
    "OliveOil_4": 0.7333333333333333,
    "OliveOil_5": 0.4,
    "MiddlePhalanxOutlineAgeGroup_1": 0.512987012987013,
    "MiddlePhalanxOutlineAgeGroup_2": 0.5064935064935064,
    "MiddlePhalanxOutlineAgeGroup_3": 0.512987012987013,
    "MiddlePhalanxOutlineAgeGroup_4": 0.5064935064935064,
    "MiddlePhalanxOutlineAgeGroup_5": 0.5,
    "Haptics_1": 0.44155844155844154,
    "Haptics_2": 0.4675324675324675,
    "Haptics_3": 0.4318181818181818,
    "Haptics_4": 0.41883116883116883,
    "Haptics_5": 0.43506493506493504,
    "Phoneme_1": 0.3059071729957806,
    "Phoneme_2": 0.27848101265822783,
    "Phoneme_3": 0.28164556962025317,
    "Phoneme_4": 0.2927215189873418,
    "Phoneme_5": 0.28744725738396626,
    "EthanolLevel_1": 0.26,
    "EthanolLevel_2": 0.274,
    "EthanolLevel_3": 0.254,
    "EthanolLevel_4": 0.246,
    "EthanolLevel_5": 0.572,
    "Handwriting_1": 0.38823529411764707,
    "Handwriting_2": 0.38588235294117645,
    "Handwriting_3": 0.3776470588235294,
    "Handwriting_4": 0.3905882352941176,
    "Handwriting_5": 0.3588235294117647,
    "EthanolConcentration_1": 0.3155893536121673,
    "EthanolConcentration_2": 0.28517110266159695,
    "EthanolConcentration_3": 0.311787072243346,
    "EthanolConcentration_4": 0.2965779467680608,
    "EthanolConcentration_5": 0.35361216730038025,
    "HandMovementDirection_1": 0.33783783783783783,
    "HandMovementDirection_2": 0.3918918918918919,
    "HandMovementDirection_3": 0.28378378378378377,
    "HandMovementDirection_4": 0.35135135135135137,
    "HandMovementDirection_5": 0.33783783783783783,
    "SelfRegulationSCP2_1": 0.5333333333333333,
    "SelfRegulationSCP2_2": 0.4666666666666667,
    "SelfRegulationSCP2_3": 0.5166666666666667,
    "SelfRegulationSCP2_4": 0.5277777777777778,
    "SelfRegulationSCP2_5": 0.5222222222222223,
    "StandWalkJump_1": 0.5333333333333333,
    "StandWalkJump_2": 0.4,
    "StandWalkJump_3": 0.5333333333333333,
    "StandWalkJump_4": 0.5333333333333333,
    "StandWalkJump_5": 0.5333333333333333,
    "PhonemeSpectra_1": 0.16611989263346258,
    "PhonemeSpectra_2": 0.15955860423501342,
    "PhonemeSpectra_3": 0.16790933492394872,
    "PhonemeSpectra_4": 0.14673426781986282,
    "PhonemeSpectra_5": 0.16761109454220102
}