{
    "ACSF1": 0.83,
    "PigArtPressure": 0.4423076923076923,
    "SyntheticControl": 0.9933333333333333,
    "ChlorineConcentration": 0.5841145833333333,
    "Meat": 0.9,
    "Ham": 0.7238095238095238,
    "Coffee": 0.9642857142857143,
    "ProximalPhalanxOutlineCorrect": 0.8969072164948454,
    "SemgHandSubjectCh2": 0.5533333333333333,
    "ECG200": 0.83,
    "Computers": 0.824,
    "PigAirwayPressure": 0.41346153846153844,
    "ShapeletSim": 1.0,
    "TwoLeadECG": 0.9982440737489026,
    "Adiac": 0.020460358056265986,
    "Wafer": 0.9914016872160935,
    "BirdChicken": 0.95,
    "Fish": 0.8857142857142857,
    "PhalangesOutlinesCorrect": 0.7995337995337995,
    "CinCECGTorso": 0.6253623188405797,
    "InsectEPGRegularTrain": 1.0,
    "WordSynonyms": 0.45454545454545453,
    "UMD": 0.9791666666666666,
    "SmoothSubspace": 0.9866666666666667,
    "TwoPatterns": 0.992,
    "SonyAIBORobotSurface1": 0.9184692179700499,
    "MixedShapesRegularTrain": 0.925360824742268,
    "SwedishLeaf": 0.8976,
    "SemgHandGenderCh2": 0.8333333333333334,
    "Strawberry": 0.9783783783783784,
    "Lightning7": 0.7808219178082192,
    "SmallKitchenAppliances": 0.7813333333333333,
    "SonyAIBORobotSurface2": 0.9559286463798531,
    "ECG5000": 0.934,
    "Car": 0.75,
    "FordA": 0.9272727272727272,
    "SemgHandMovementCh2": 0.5133333333333333,
    "ECGFiveDays": 0.9001161440185831,
    "DistalPhalanxOutlineCorrect": 0.7644927536231884,
    "Rock": 0.56,
    "EOGHorizontalSignal": 0.5359116022099447,
    "CricketX": 0.6794871794871795,
    "Lightning2": 0.7704918032786885,
    "OSULeaf": 0.3181818181818182,
    "NonInvasiveFetalECGThorax1": 0.8458015267175573,
    "PowerCons": 0.9333333333333333,
    "ItalyPowerDemand": 0.9650145772594753,
    "StarLightCurves": 0.9571393880524527,
    "WormsTwoClass": 0.5714285714285714,
    "Mallat": 0.886140724946695,
    "Earthquakes": 0.7482014388489209,
    "FordB": 0.49506172839506174,
    "Yoga": 0.5356666666666666,
    "FaceAll": 0.6603550295857988,
    "DistalPhalanxOutlineAgeGroup": 0.6762589928057554,
    "ToeSegmentation1": 0.9473684210526315,
    "MiddlePhalanxOutlineCorrect": 0.570446735395189,
    "CricketZ": 0.5538461538461539,
    "MiddlePhalanxTW": 0.577922077922078,
    "EOGVerticalSignal": 0.40331491712707185,
    "CBF": 0.9811111111111112,
    "BME": 0.9533333333333334,
    "ElectricDevices": 0.7315523278433407,
    "RefrigerationDevices": 0.3333333333333333,
    "Beef": 0.5333333333333333,
    "FaceFour": 0.8977272727272727,
    "Trace": 0.72,
    "GunPointOldVersusYoung": 1.0,
    "DistalPhalanxTW": 0.6258992805755396,
    "InlineSkate": 0.28545454545454546,
    "Crop": 0.763095238095238,
    "Symbols": 0.8010050251256281,
    "OliveOil": 0.4,
    "UWaveGestureLibraryAll": 0.8068118369625907,
    "UWaveGestureLibraryY": 0.6099944165270799,
    "FacesUCR": 0.33414634146341465,
    "InsectWingbeatSound": 0.5080808080808081,
    "FreezerRegularTrain": 0.9880701754385965,
    "UWaveGestureLibraryZ": 0.6968174204355109,
    "NonInvasiveFetalECGThorax2": 0.8926208651399491,
    "Chinatown": 0.9737609329446064,
    "GunPoint": 0.96,
    "MixedShapesSmallTrain": 0.7888659793814433,
    "LargeKitchenAppliances": 0.8826666666666667,
    "MiddlePhalanxOutlineAgeGroup": 0.5454545454545454,
    "Wine": 0.5,
    "Haptics": 0.38311688311688313,
    "HandOutlines": 0.6486486486486487,
    "Phoneme": 0.18565400843881857,
    "ToeSegmentation2": 0.8307692307692308,
    "Herring": 0.59375,
    "GunPointMaleVersusFemale": 0.9968354430379747,
    "MoteStrain": 0.7795527156549521,
    "FreezerSmallTrain": 0.7905263157894736,
    "GunPointAgeSpan": 0.9208860759493671,
    "ArrowHead": 0.5657142857142857,
    "Plane": 0.9809523809523809,
    "DiatomSizeReduction": 0.7222222222222222,
    "EthanolLevel": 0.248,
    "HouseTwenty": 0.8067226890756303,
    "InsectEPGSmallTrain": 1.0,
    "ScreenType": 0.5626666666666666,
    "BeetleFly": 0.85,
    "MedicalImages": 0.6986842105263158,
    "ShapesAll": 0.8366666666666667,
    "ProximalPhalanxTW": 0.7804878048780488,
    "FiftyWords": 0.5802197802197803,
    "Worms": 0.6103896103896104,
    "UWaveGestureLibraryX": 0.7585147962032384,
    "PigCVP": 0.5288461538461539,
    "ProximalPhalanxOutlineAgeGroup": 0.8585365853658536,
    "CricketY": 0.6794871794871795,
    "Epilepsy": 0.8913043478260869,
    "Libras": 0.6777777777777778,
    "ArticularyWordRecognition": 0.8666666666666667,
    "Heartbeat": 0.6536585365853659,
    "MotorImagery": 0.56,
    "Handwriting": 0.23529411764705882,
    "EthanolConcentration": 0.2889733840304182,
    "HandMovementDirection": 0.32432432432432434,
    "RacketSports": 0.8223684210526315,
    "PEMS-SF": 0.7456647398843931,
    "SelfRegulationSCP1": 0.7610921501706485,
    "UWaveGestureLibrary": 0.8,
    "FaceDetection": 0.5979001135073779,
    "Cricket": 0.875,
    "EigenWorms": 0.5572519083969466,
    "PenDigits": 0.9711263579188107,
    "SelfRegulationSCP2": 0.5277777777777778,
    "LSST": 0.5519059205190592,
    "FingerMovements": 0.49,
    "NATOPS": 0.85,
    "StandWalkJump": 0.7333333333333333,
    "BasicMotions": 0.925,
    "PhonemeSpectra": 0.11989263346257083
}