{
    "PigArtPressure_1": 0.39903846153846156,
    "PigArtPressure_2": 0.019230769230769232,
    "PigArtPressure_3": 0.019230769230769232,
    "PigArtPressure_4": 0.9134615384615384,
    "PigArtPressure_5": 0.019230769230769232,
    "PigAirwayPressure_1": 0.5432692307692307,
    "PigAirwayPressure_2": 0.5528846153846154,
    "PigAirwayPressure_3": 0.4230769230769231,
    "PigAirwayPressure_4": 0.5336538461538461,
    "PigAirwayPressure_5": 0.49038461538461536,
    "Adiac_1": 0.030690537084398978,
    "Adiac_2": 0.6879795396419437,
    "Adiac_3": 0.7647058823529411,
    "Adiac_4": 0.6982097186700768,
    "Adiac_5": 0.7391304347826086,
    "WordSynonyms_1": 0.4827586206896552,
    "WordSynonyms_2": 0.4780564263322884,
    "WordSynonyms_3": 0.5172413793103449,
    "WordSynonyms_4": 0.48589341692789967,
    "WordSynonyms_5": 0.5203761755485894,
    "OSULeaf_1": 0.8099173553719008,
    "OSULeaf_2": 0.7933884297520661,
    "OSULeaf_3": 0.8057851239669421,
    "OSULeaf_4": 0.8016528925619835,
    "OSULeaf_5": 0.78099173553719,
    "FordB_1": 0.808641975308642,
    "FordB_2": 0.7925925925925926,
    "FordB_3": 0.8037037037037037,
    "FordB_4": 0.8074074074074075,
    "FordB_5": 0.7962962962962963,
    "EOGVerticalSignal_1": 0.3784530386740331,
    "EOGVerticalSignal_2": 0.08287292817679558,
    "EOGVerticalSignal_3": 0.425414364640884,
    "EOGVerticalSignal_4": 0.4116022099447514,
    "EOGVerticalSignal_5": 0.42265193370165743,
    "RefrigerationDevices_1": 0.5413333333333333,
    "RefrigerationDevices_2": 0.5333333333333333,
    "RefrigerationDevices_3": 0.5173333333333333,
    "RefrigerationDevices_4": 0.5493333333333333,
    "RefrigerationDevices_5": 0.496,
    "InlineSkate_1": 0.26,
    "InlineSkate_2": 0.2672727272727273,
    "InlineSkate_3": 0.26181818181818184,
    "InlineSkate_4": 0.28545454545454546,
    "InlineSkate_5": 0.28545454545454546,
    "OliveOil_1": 0.4,
    "OliveOil_2": 0.4,
    "OliveOil_3": 0.7,
    "OliveOil_4": 0.7333333333333333,
    "OliveOil_5": 0.4,
    "FacesUCR_1": 0.8512195121951219,
    "FacesUCR_2": 0.8326829268292683,
    "FacesUCR_3": 0.8541463414634146,
    "FacesUCR_4": 0.8478048780487805,
    "FacesUCR_5": 0.8580487804878049,
    "Haptics_1": 0.30194805194805197,
    "Haptics_2": 0.36688311688311687,
    "Haptics_3": 0.38636363636363635,
    "Haptics_4": 0.4155844155844156,
    "Haptics_5": 0.3409090909090909,
    "Phoneme_1": 0.2974683544303797,
    "Phoneme_2": 0.2958860759493671,
    "Phoneme_3": 0.2805907172995781,
    "Phoneme_4": 0.3032700421940928,
    "Phoneme_5": 0.28744725738396626,
    "EthanolLevel_1": 0.252,
    "EthanolLevel_2": 0.684,
    "EthanolLevel_3": 0.252,
    "EthanolLevel_4": 0.252,
    "EthanolLevel_5": 0.588,
    "Handwriting_1": 0.28941176470588237,
    "Handwriting_2": 0.31529411764705884,
    "Handwriting_3": 0.32,
    "Handwriting_4": 0.2952941176470588,
    "Handwriting_5": 0.32588235294117646,
    "EthanolConcentration_1": 0.33079847908745247,
    "EthanolConcentration_2": 0.2889733840304182,
    "EthanolConcentration_3": 0.33460076045627374,
    "EthanolConcentration_4": 0.34220532319391633,
    "EthanolConcentration_5": 0.28517110266159695,
    "HandMovementDirection_1": 0.32432432432432434,
    "HandMovementDirection_2": 0.3783783783783784,
    "HandMovementDirection_3": 0.35135135135135137,
    "HandMovementDirection_4": 0.3108108108108108,
    "HandMovementDirection_5": 0.36486486486486486,
    "FingerMovements_1": 0.47,
    "FingerMovements_2": 0.54,
    "FingerMovements_3": 0.51,
    "FingerMovements_4": 0.49,
    "FingerMovements_5": 0.49,
    "PhonemeSpectra_1": 0.12287503728004771,
    "PhonemeSpectra_2": 0.12376975842529078,
    "PhonemeSpectra_3": 0.11989263346257083,
    "PhonemeSpectra_4": 0.10080524903071876,
    "PhonemeSpectra_5": 0.12227855651655234
}