{
    "ACSF1": 0.88,
    "PigArtPressure": "NotTrained0.6538461538461539",
    "SyntheticControl": 0.9933333333333333,
    "ChlorineConcentration": "NotTrained0.7786458333333334",
    "Meat": 0.9666666666666667,
    "Ham": 0.7238095238095238,
    "Coffee": 1.0,
    "ProximalPhalanxOutlineCorrect": 0.8831615120274914,
    "SemgHandSubjectCh2": "NotTrained0.6044444444444445",
    "ECG200": 0.84,
    "Computers": 0.8,
    "PigAirwayPressure": 0.3894230769230769,
    "ShapeletSim": 1.0,
    "TwoLeadECG": 0.9982440737489026,
    "Adiac": 0.7979539641943734,
    "Wafer": 0.9930240103828682,
    "BirdChicken": 0.9,
    "Fish": "NotTrained0.88",
    "PhalangesOutlinesCorrect": 0.824009324009324,
    "CinCECGTorso": "NotTrained0.7231884057971014",
    "InsectEPGRegularTrain": 1.0,
    "WordSynonyms": "NotTrained0.4890282131661442",
    "UMD": 0.9930555555555556,
    "SmoothSubspace": 0.98,
    "TwoPatterns": 0.98225,
    "SonyAIBORobotSurface1": 0.9351081530782029,
    "MixedShapesRegularTrain": "NotTrained0.9105154639175258",
    "SwedishLeaf": 0.9232,
    "SemgHandGenderCh2": 0.8133333333333334,
    "Strawberry": 0.972972972972973,
    "Lightning7": "NotTrained0.6986301369863014",
    "SmallKitchenAppliances": 0.7466666666666667,
    "SonyAIBORobotSurface2": 0.9569779643231899,
    "ECG5000": 0.9277777777777778,
    "Car": "NotTrained0.7166666666666667",
    "FordA": 0.928030303030303,
    "SemgHandMovementCh2": 0.4288888888888889,
    "ECGFiveDays": 0.9349593495934959,
    "DistalPhalanxOutlineCorrect": 0.7753623188405797,
    "Rock": 0.58,
    "EOGHorizontalSignal": 0.5939226519337016,
    "CricketX": "NotTrained0.7102564102564103",
    "Lightning2": 0.7540983606557377,
    "OSULeaf": "NotTrained0.8636363636363636",
    "NonInvasiveFetalECGThorax1": 0.8946564885496183,
    "PowerCons": 0.9444444444444444,
    "ItalyPowerDemand": 0.9659863945578231,
    "StarLightCurves": 0.96369596891695,
    "WormsTwoClass": 0.7272727272727273,
    "Mallat": 0.9398720682302771,
    "Earthquakes": 0.7482014388489209,
    "FordB": 0.8,
    "Yoga": "NotTrained0.8053333333333333",
    "FaceAll": "NotTrained0.7733727810650888",
    "DistalPhalanxOutlineAgeGroup": 0.7410071942446043,
    "ToeSegmentation1": 0.9517543859649122,
    "MiddlePhalanxOutlineCorrect": 0.7938144329896907,
    "CricketZ": "NotTrained0.7538461538461538",
    "MiddlePhalanxTW": 0.5844155844155844,
    "EOGVerticalSignal": 0.4530386740331492,
    "CBF": 0.9911111111111112,
    "BME": 0.96,
    "ElectricDevices": 0.7303851640513552,
    "RefrigerationDevices": 0.5253333333333333,
    "Beef": 0.7666666666666667,
    "FaceFour": 0.9090909090909091,
    "Trace": 1.0,
    "GunPointOldVersusYoung": 1.0,
    "DistalPhalanxTW": 0.6546762589928058,
    "InlineSkate": "NotTrained0.31272727272727274",
    "Crop": 0.7607142857142857,
    "Symbols": 0.9226130653266331,
    "OliveOil": "NotTrained0.5",
    "UWaveGestureLibraryAll": "NotTrained0.8157453936348409",
    "UWaveGestureLibraryY": "NotTrained0.6320491345616974",
    "FacesUCR": "NotTrained0.8702439024390244",
    "InsectWingbeatSound": 0.48838383838383836,
    "FreezerRegularTrain": 0.9856140350877193,
    "UWaveGestureLibraryZ": 0.7177554438860971,
    "NonInvasiveFetalECGThorax2": 0.9022900763358779,
    "Chinatown": 0.9854227405247813,
    "GunPoint": 0.9733333333333334,
    "MixedShapesSmallTrain": "NotTrained0.8581443298969073",
    "LargeKitchenAppliances": 0.8693333333333333,
    "MiddlePhalanxOutlineAgeGroup": 0.5194805194805194,
    "Wine": 0.7222222222222222,
    "Haptics": "NotTrained0.4318181818181818",
    "HandOutlines": "NotTrained0.7513513513513513",
    "Phoneme": "NotTrained0.29641350210970463",
    "ToeSegmentation2": 0.8923076923076924,
    "Herring": "NotTrained0.5625",
    "GunPointMaleVersusFemale": 0.9778481012658228,
    "MoteStrain": 0.9001597444089456,
    "FreezerSmallTrain": 0.887719298245614,
    "GunPointAgeSpan": 0.9841772151898734,
    "ArrowHead": "NotTrained0.6857142857142857",
    "Plane": 0.9904761904761905,
    "DiatomSizeReduction": 0.9313725490196079,
    "EthanolLevel": "NotTrained0.68",
    "HouseTwenty": 0.9495798319327731,
    "InsectEPGSmallTrain": 1.0,
    "ScreenType": 0.5946666666666667,
    "BeetleFly": 0.85,
    "MedicalImages": 0.7342105263157894,
    "ShapesAll": "NotTrained0.845",
    "ProximalPhalanxTW": 0.8,
    "FiftyWords": "NotTrained0.6153846153846154",
    "Worms": 0.7402597402597403,
    "UWaveGestureLibraryX": 0.7479061976549414,
    "PigCVP": "NotTrained0.7932692307692307",
    "ProximalPhalanxOutlineAgeGroup": 0.8439024390243902,
    "CricketY": "NotTrained0.676923076923077",
    "Epilepsy": 0.8913043478260869,
    "Libras": 0.7055555555555556,
    "ArticularyWordRecognition": 0.9266666666666666,
    "Heartbeat": 0.6439024390243903,
    "MotorImagery": 0.57,
    "Handwriting": 0.32588235294117646,
    "EthanolConcentration": 0.3193916349809886,
    "HandMovementDirection": 0.4189189189189189,
    "RacketSports": 0.8355263157894737,
    "PEMS-SF": 0.8786127167630058,
    "SelfRegulationSCP1": 0.7679180887372014,
    "UWaveGestureLibrary": 0.8125,
    "FaceDetection": 0.5822928490351873,
    "Cricket": 0.9027777777777778,
    "EigenWorms": 0.6183206106870229,
    "PenDigits": 0.9859919954259577,
    "SelfRegulationSCP2": 0.5555555555555556,
    "LSST": 0.5884022708840227,
    "FingerMovements": 0.57,
    "NATOPS": 0.85,
    "StandWalkJump": 0.5333333333333333,
    "BasicMotions": 0.95,
    "PhonemeSpectra": 0.1285416045332538
}