{
    "20": [
        0.23900000000000002,
        0.20987059505006095,
        12.69305700307,
        19.778270120856615,
        2.3277520631727784,
        2.112289639644818,
        0.89417298495,
        0.5175414901516516,
        0.08462038002046667,
        0.1318551341390441,
        98.65005315542221,
        10.022367972980007,
        1.0
    ],
    "40": [
        0.23233333333333334,
        0.182467957613263,
        11.014848279539999,
        15.489291279086318,
        2.129370158592177,
        1.9426127866029697,
        0.9781099458499998,
        0.681981578261547,
        0.07343232186359999,
        0.10326194186057545,
        94.5150627374649,
        12.142479616917813,
        1.0
    ],
    "80": [
        0.21966666666666668,
        0.17437475607310698,
        8.610796439255,
        13.115463754153744,
        1.7045679128288387,
        1.5516674023731738,
        0.7414620872500001,
        0.4622933047843232,
        0.05740530959503333,
        0.08743642502769164,
        97.60587139129639,
        12.153084606246729,
        1.0
    ],
    "150": [
        0.20500000000000002,
        0.13777396948141787,
        7.150955329275,
        8.972897555832228,
        1.677978220955208,
        1.3623860528779101,
        0.85049787845,
        0.5354388504420918,
        0.04767303552850001,
        0.059819317038881534,
        99.56550464630126,
        14.479051741904703,
        1.0
    ]
}