{
    "EigenWorms": [
        0.5751268401020713,
        0.3730997071798199,
        0.4387705340249528,
        0.19939910109365178
    ],
    "Cricket": [
        0.7939439005748956,
        0.29814233948979846,
        1.0207688820445877,
        0.32618587934684534
    ],
    "BasicMotions": [
        0.7004274230243276,
        0.2104671293544631,
        0.38253677476368836,
        0.2510484800630882
    ],
    "StandWalkJump": [
        0.303858359711039,
        0.069171128448529,
        2.0759130457613795,
        0.15359610611538974
    ],
    "FaceDetection": "NotEvaluate",
    "Epilepsy": [
        0.7816229443643422,
        0.3057008941526067,
        1.0499687419145043,
        0.4086912112506158
    ],
    "NATOPS": [
        0.7165699412191235,
        0.22510120239929748,
        0.7629525080550051,
        0.2878356798494554
    ],
    "Heartbeat": [
        0.26315837053619473,
        0.29602195498084394,
        0.42594942321438306,
        0.5045801692988784
    ],
    "AtrialFibrillation": "NotEvaluate",
    "RacketSports": [
        0.8686040985120398,
        0.21555466320942354,
        1.2541524019911168,
        0.42174380275686224
    ],
    "SelfRegulationSCP1": [
        0.8596888527149593,
        0.35730128939811623,
        1.0149094738528806,
        0.33826367441991
    ],
    "ERing": "NotEvaluate",
    "ECG200": [
        0.7449697506329662,
        0.2724834054407334,
        0.9904619956160569,
        0.3495643292033845
    ],
    "Beef": [
        0.38688707532723415,
        0.10153492158395393,
        1.4812699617633742,
        0.41053732407217103
    ],
    "ElectricDevices": [
        0.8089449552189045,
        0.4273697095122397,
        1.1573941306802145,
        0.6154620692324312
    ],
    "Earthquakes": [
        0.7874433252332694,
        0.7345383416533847,
        1.281238540239447,
        1.5480041933837665
    ],
    "Wafer": [
        0.6690595828737717,
        0.763450563982246,
        2.646069424089055,
        3.3507656220741775
    ],
    "PowerCons": [
        0.883297735193067,
        0.5086549890467229,
        1.2079766426218224,
        0.7084203200958744
    ],
    "NonInvasiveFetalECGThorax1": [
        0.7558678032903311,
        0.11825772279815532,
        1.0208384359002032,
        0.34046112177010157
    ],
    "Lightning2": [
        0.6566040598710248,
        0.2213708908448222,
        0.8895634508916701,
        0.2932591686018987
    ],
    "ECG5000": [
        0.7280504144849433,
        0.24963890097803207,
        1.587664791626201,
        1.0067590443133678
    ],
    "GunPoint": [
        0.7061831447179915,
        0.3208706462338659,
        0.873331968823263,
        0.3232957662462278
    ],
    "HandOutlines": [
        0.4618184994240241,
        0.26133835919071524,
        0.7884977727320087,
        0.24405454923362557
    ],
    "CBF": [
        0.9554130664804578,
        0.32741446915846817,
        1.6526118062838502,
        0.749999571464092
    ],
    "FordA": [
        0.634730270115583,
        0.1736961319969677,
        0.8107422292068076,
        0.22048440128975208
    ],
    "TwoPatterns": [
        0.757952498392948,
        0.17561352826638021,
        1.033275877843928,
        0.2416018078228354
    ],
    "UWaveGestureLibraryAll": [
        0.7215863544102982,
        0.15627238140663666,
        1.068395675621995,
        0.29713818451806706
    ],
    "Chinatown": [
        0.7903526699563154,
        0.23570448268235245,
        1.1107489079507127,
        0.2557203705172332
    ],
    "Yoga": [
        0.7772575839336253,
        0.32667308289641916,
        1.0553185808540095,
        0.46801862581406506
    ],
    "DistalPhalanxOutlineCorrect": [
        0.7570092320063634,
        0.3881697755749263,
        1.0788142231573175,
        0.41410619092595685
    ],
    "Computers": [
        0.6209740019903698,
        0.5483973942949218,
        0.7937878876206992,
        0.594271592861282
    ],
    "ShapesAll": [
        0.6541191284910587,
        0.2030574798381398,
        1.3938690635999202,
        0.6795131385346745
    ],
    "Strawberry": [
        0.8514059832034475,
        0.41381824581111765,
        0.9799128409653389,
        0.3983981585389399
    ]
}