{
    "EigenWorms": [
        1.9005136433932541,
        1.5049093872153456,
        0.7099237660076252,
        0.5532615124684197
    ],
    "Cricket": [
        1.5852985119046068,
        0.8010838122590502,
        2.4203936770705656,
        1.139493597486984
    ],
    "BasicMotions": [
        1.7291711391159068,
        1.088821045599428,
        4.10626711611925,
        1.6252892353055888
    ],
    "StandWalkJump": [
        1.5442803796797562,
        1.3771544822758501,
        3.4353272545380227,
        2.455191281747044
    ],
    "FaceDetection": "NotEvaluate",
    "Epilepsy": [
        1.4013016560042837,
        0.46067097324123385,
        2.2668602614319577,
        0.4540843028694545
    ],
    "NATOPS": "NotEvaluate",
    "Heartbeat": "NotEvaluate",
    "AtrialFibrillation": "NotEvaluate",
    "RacketSports": [
        1.3371237138822145,
        0.2886254080619062,
        2.0428290152059057,
        0.5508465684503039
    ],
    "SelfRegulationSCP1": [
        0.7235308367457458,
        0.19342271303872424,
        1.1025944541545334,
        0.2516749276549643
    ],
    "ERing": "NotEvaluate",
    "ECG200": [
        3.0145455902873755,
        1.1111206978510275,
        4.792827606126608,
        2.230779780038241
    ],
    "Beef": [
        0.6388251805504594,
        0.37425846025466153,
        2.7717475443190027,
        1.7498659277285447
    ],
    "ElectricDevices": [
        2.0024734416911603,
        0.5828793107488569,
        3.2949147404618437,
        1.1098683149942767
    ],
    "Earthquakes": [
        0.8152281986309771,
        0.08263516347629883,
        1.4474347200634181,
        0.17568728734082514
    ],
    "Wafer": [
        1.964965090746275,
        0.5260914603891094,
        11.171719853428407,
        3.1997396591082734
    ],
    "PowerCons": [
        1.5028988336246998,
        0.6793385808898486,
        1.8875557617763263,
        1.0921004518502482
    ],
    "NonInvasiveFetalECGThorax1": [
        1.0642770704131639,
        0.2003369999310242,
        1.7102096813274978,
        0.4807009441814291
    ],
    "Lightning2": "NotEvaluate",
    "ECG5000": [
        2.540810244420517,
        2.0183241308928093,
        4.633023614397013,
        2.9858177453776746
    ],
    "GunPoint": [
        4.118767574204723,
        2.336234339740485,
        5.748831517809322,
        3.8311960696849328
    ],
    "HandOutlines": [
        1.116548926959323,
        0.9220944751082952,
        2.425493431346823,
        2.1283395196147183
    ],
    "CBF": [
        1.7179668029848705,
        0.6437704803980321,
        2.9598383138076065,
        1.0097355967525752
    ],
    "FordA": [
        3.5644926212921857,
        2.0167159356499575,
        4.7908806442888565,
        2.895115786551279
    ],
    "TwoPatterns": [
        2.277112220330268,
        0.9609040697532761,
        3.7561919748324426,
        1.847460077396273
    ],
    "UWaveGestureLibraryAll": [
        1.4151770074770078,
        0.598359620393402,
        2.1317027799724926,
        0.9563676149799191
    ],
    "Chinatown": [
        1.2536714990119269,
        0.40666361617450364,
        1.775225333352138,
        0.5147073625758389
    ],
    "Yoga": [
        3.8904921022189116,
        2.275818922564172,
        5.304068487966773,
        3.000387100881249
    ],
    "DistalPhalanxOutlineCorrect": [
        1.8962006128818822,
        0.6726147471992879,
        1.7835550948886665,
        0.6488609315324284
    ],
    "Computers": [
        0.8528900257335971,
        0.22193622198533436,
        1.7602755698683705,
        0.419201014896805
    ],
    "ShapesAll": [
        1.1900561483746281,
        0.47270811280345293,
        2.811819989899734,
        1.0252234941258072
    ],
    "Strawberry": [
        3.246559125153479,
        1.7214293909709661,
        4.1030232942741,
        2.148126437072266
    ]
}