{
    "EigenWorms": "NotEvaluate",
    "Cricket": [
        1.5004539870283464,
        0.45883421517412365,
        2.3278771600448733,
        0.6321193015819134
    ],
    "BasicMotions": [
        1.9711304957302853,
        1.2582556153871478,
        3.742736591945372,
        1.9633678143321434
    ],
    "StandWalkJump": [
        0.40079976623123165,
        0.09718526366076376,
        2.206875713339834,
        0.4508321263066436
    ],
    "FaceDetection": "NotEvaluate",
    "Epilepsy": [
        1.7966660348865828,
        0.5013383449299897,
        2.773667921814355,
        0.6361287211998
    ],
    "NATOPS": [
        1.4678912045508496,
        0.536427440220053,
        2.3475255523146283,
        1.320344507257471
    ],
    "Heartbeat": [
        1.1633708980211892,
        1.2556809934254665,
        2.173036232500723,
        3.094213966569904
    ],
    "AtrialFibrillation": "NotEvaluate",
    "RacketSports": [
        1.4400700692000852,
        0.27671550741910783,
        2.2644962664241253,
        0.4914908547966763
    ],
    "SelfRegulationSCP1": [
        2.5522632263449934,
        2.167042940642468,
        3.2253885058320035,
        2.3868876754435178
    ],
    "ERing": "NotEvaluate",
    "ECG200": [
        1.7838853932470717,
        0.7742114572743107,
        2.7620090508348394,
        1.6171345646090058
    ],
    "Beef": [
        0.7437484757451973,
        0.586643278987346,
        2.0641212028035243,
        0.9360855769326266
    ],
    "ElectricDevices": [
        1.4138649311906226,
        0.7056798647886298,
        2.2657402617236237,
        1.1559525897748353
    ],
    "Earthquakes": [
        0.8486509259737915,
        0.19653388033080238,
        1.4705268131241451,
        0.44849093417942254
    ],
    "Wafer": [
        1.9734458503554009,
        1.741052399569359,
        10.449415875574664,
        4.62102612014925
    ],
    "PowerCons": [
        1.8852715112957719,
        0.930743785760899,
        3.2971625986155844,
        2.3429303271246757
    ],
    "NonInvasiveFetalECGThorax1": [
        1.3711413161350792,
        0.40539924050672,
        1.9754918774232273,
        0.7744987370200407
    ],
    "Lightning2": [
        1.4229756047849909,
        0.8618074572065706,
        2.1736880628683095,
        1.3124669962714848
    ],
    "ECG5000": [
        1.434010364651677,
        0.5871977649684059,
        4.190344358789799,
        2.081524013503201
    ],
    "GunPoint": [
        2.6412645849407066,
        1.3024249000601256,
        3.6326207288035435,
        1.168263263446812
    ],
    "HandOutlines": [
        0.9308589209540111,
        0.8025389026464216,
        1.7040696416422776,
        0.9793419530570907
    ],
    "CBF": [
        1.8246376205624806,
        0.5868451125066341,
        3.5001619980084726,
        0.8638500971188318
    ],
    "FordA": [
        2.9445394595367973,
        2.6402150634907473,
        4.554221945488874,
        4.627872047686864
    ],
    "TwoPatterns": [
        2.7801813487853484,
        0.7793640521045474,
        5.109724164171824,
        1.424126740228288
    ],
    "UWaveGestureLibraryAll": [
        1.3388328469799433,
        0.4417710793070754,
        2.172493880807415,
        0.7706153488449605
    ],
    "Chinatown": [
        1.9008314454178994,
        0.3194668207864769,
        3.0538709895470495,
        0.24750497750915418
    ],
    "Yoga": [
        1.7448784419296495,
        0.8788937443849404,
        2.578195693595963,
        1.1863121811614827
    ],
    "DistalPhalanxOutlineCorrect": [
        1.342513079032869,
        0.7433439234152436,
        1.964064923469375,
        0.6979430189168109
    ],
    "Computers": [
        1.0681990279945608,
        0.7614024384028116,
        1.573937891427546,
        1.0388322305198334
    ],
    "ShapesAll": [
        1.3690630501201009,
        0.702580776928329,
        2.7764310640497434,
        1.3009231157242396
    ],
    "Strawberry": [
        2.078104801656578,
        1.225873630183982,
        2.5491023495183383,
        1.379451167473588
    ]
}