{
    "EigenWorms": "NotEvaluate",
    "Cricket": "NotEvaluate",
    "BasicMotions": [
        2.1718325367698514,
        1.3176875033938515,
        4.777548873652094,
        3.4573642175638417
    ],
    "StandWalkJump": "NotEvaluate",
    "FaceDetection": "NotEvaluate",
    "Epilepsy": [
        3.634329883076003,
        3.832530978459262,
        5.9133760528024535,
        6.018218733363883
    ],
    "NATOPS": [
        3.650552146276262,
        11.362393585793669,
        5.950562015595008,
        12.432328149447212
    ],
    "Heartbeat": "NotEvaluate",
    "AtrialFibrillation": "NotEvaluate",
    "RacketSports": [
        2.2278825012505936,
        2.497333859732497,
        3.3073538181608595,
        3.573515238783921
    ],
    "SelfRegulationSCP1": "NotEvaluate",
    "ERing": "NotEvaluate",
    "ECG200": [
        1.7144158224489534,
        0.5228752367980988,
        2.5871773332469923,
        1.0643507647554518
    ],
    "Beef": [
        0.5802242725853408,
        0.37904422828353357,
        1.8387661086510372,
        0.6922473046438353
    ],
    "ElectricDevices": [
        1.262593441097042,
        0.6547421065991369,
        2.0611484026147915,
        1.318281781835148
    ],
    "Earthquakes": [
        0.8554974139622104,
        0.18732343894691447,
        1.556373508496847,
        0.5076318008750849
    ],
    "Wafer": [
        1.6100003248947425,
        1.8458914733341683,
        6.768866345020767,
        3.5084959068212465
    ],
    "PowerCons": [
        1.9013900010671605,
        0.9545633256188825,
        3.389941796494764,
        2.4685372127963863
    ],
    "NonInvasiveFetalECGThorax1": [
        1.3385180723559273,
        0.46506252535448556,
        2.083634220854381,
        1.0112888052506452
    ],
    "Lightning2": [
        2.4161155676274197,
        5.151875365404731,
        3.4806528521753557,
        6.776427319640358
    ],
    "ECG5000": [
        1.2930239714023264,
        1.0029492422983202,
        4.279783686160285,
        2.9341819721255034
    ],
    "GunPoint": [
        2.3328842267924714,
        0.8955309158317263,
        3.310680503233032,
        0.6949206424073117
    ],
    "HandOutlines": [
        0.6972025904178365,
        0.5979771403881545,
        1.435731004180613,
        0.9012009706842506
    ],
    "CBF": [
        1.6852465212524337,
        0.46825738466469424,
        3.126379105774097,
        0.9634224335033061
    ],
    "FordA": [
        0.8961754001178461,
        0.24487543565875403,
        1.2787381923768664,
        0.4038379479868824
    ],
    "TwoPatterns": [
        1.963696681787664,
        0.9921939834313205,
        4.065183382509815,
        2.563698213146218
    ],
    "UWaveGestureLibraryAll": [
        1.074386004920764,
        0.41301611619680473,
        1.8197489423935305,
        0.8116854302204884
    ],
    "Chinatown": [
        3.4035619696535973,
        1.5345008936171294,
        5.016874872735643,
        1.7616702249023
    ],
    "Yoga": [
        1.1003191248871218,
        0.3301835503978265,
        1.7842773694952079,
        0.6422042049178959
    ],
    "DistalPhalanxOutlineCorrect": [
        1.2251484758135585,
        0.6082165711041762,
        1.87270952146468,
        0.7712112954044514
    ],
    "Computers": [
        0.7840954703681978,
        0.6833497402135223,
        1.3809864860433692,
        1.524827774719585
    ],
    "ShapesAll": [
        1.0863293674726822,
        0.5921766228391723,
        2.4946727430329902,
        1.449987820740591
    ],
    "Strawberry": [
        2.591448486228515,
        1.922080729684054,
        3.21145453306081,
        2.390264452652271
    ]
}