{
    "EigenWorms": "NotEvaluate",
    "Cricket": [
        0.884225829794929,
        0.33807654995620695,
        1.054813643051885,
        0.4245390528473768
    ],
    "BasicMotions": [
        0.6584256745448698,
        0.3288350929372131,
        0.3905726133253444,
        0.17970044929277407
    ],
    "StandWalkJump": [
        0.3751405834309308,
        0.07265544997122254,
        1.3286688329030738,
        0.1434230260101801
    ],
    "FaceDetection": "NotEvaluate",
    "Epilepsy": [
        0.6670386219036433,
        0.23887491098244965,
        1.0382053650392087,
        0.4579880646430239
    ],
    "NATOPS": [
        0.6467009904002078,
        0.25750550901959324,
        0.6541650671324236,
        0.3352868447684906
    ],
    "Heartbeat": [
        0.2180532305066085,
        0.28189945103836145,
        0.4413999239776109,
        0.5967990175255441
    ],
    "AtrialFibrillation": "NotEvaluate",
    "RacketSports": [
        0.5456029861060437,
        0.21237062064872492,
        0.7701175470850711,
        0.13320403369946143
    ],
    "SelfRegulationSCP1": [
        1.3392560157551698,
        1.9208042411867878,
        0.2045145303487919,
        0.2609552070929011
    ],
    "ERing": "NotEvaluate",
    "ECG200": [
        0.7765728787320627,
        0.18754592067785275,
        1.1490636832556773,
        0.26491320793388556
    ],
    "Beef": [
        0.6715751656783628,
        0.19296003823558017,
        0.1835359485266769,
        0.08271635920898145
    ],
    "ElectricDevices": [
        0.8797168724815616,
        0.5092235575350988,
        1.1577721780270305,
        0.7041773693249062
    ],
    "Earthquakes": [
        0.7498540947294976,
        0.4466493389483979,
        0.7669511868101494,
        0.45903039306577886
    ],
    "Wafer": [
        1.2520148862151346,
        0.9714855979306477,
        3.8784261579835464,
        1.4879165257001559
    ],
    "PowerCons": [
        0.9579965015558897,
        0.6234997518389417,
        1.3119252076866859,
        0.8430940952432401
    ],
    "NonInvasiveFetalECGThorax1": [
        0.7733818369240063,
        0.13632531119667823,
        1.0539179057227184,
        0.3485825447787577
    ],
    "Lightning2": [
        0.7194241715737925,
        0.3270724932838355,
        0.833974069969926,
        0.5101084905126907
    ],
    "ECG5000": [
        1.3120835777479833,
        0.4855285913077497,
        1.9267928700406969,
        0.7077736554469172
    ],
    "GunPoint": [
        0.8625759637286751,
        0.28001320639927746,
        1.2136900719223254,
        0.3901526723779397
    ],
    "HandOutlines": [
        0.5479188114001834,
        0.32176254593899767,
        0.8297702470918107,
        0.34835525860966615
    ],
    "CBF": [
        0.8885624396594692,
        0.37349765348451375,
        1.3591010630471492,
        0.657589195105229
    ],
    "FordA": [
        0.7866973844450816,
        0.1961537421318354,
        1.0049484636711796,
        0.25419958467315157
    ],
    "TwoPatterns": [
        0.8010406004988164,
        0.3186207799311414,
        1.2699389419296558,
        0.5817073584509694
    ],
    "UWaveGestureLibraryAll": [
        0.8148580658033969,
        0.19338905842021897,
        1.2223894829327389,
        0.38643268423392185
    ],
    "Chinatown": [
        0.8013418665907379,
        0.5985442121419167,
        1.1340544907843582,
        1.0302001080156924
    ],
    "Yoga": [
        0.7014855172459237,
        0.4925925832030303,
        0.9822162123894228,
        0.7184414809143115
    ],
    "DistalPhalanxOutlineCorrect": [
        0.6135899229101229,
        0.4744355811997355,
        0.8990227846573139,
        0.4548736003923726
    ],
    "Computers": [
        0.661440838461718,
        0.3303548728175528,
        0.8782149851609822,
        0.47140111797884193
    ],
    "ShapesAll": [
        0.6732537670898603,
        0.16362982060483316,
        1.2799930257334022,
        0.4628052326938915
    ],
    "Strawberry": [
        0.815353600877033,
        0.36129680254080376,
        0.871889347630452,
        0.46316537168990374
    ],
    "Libras": [
        0.6848960720061346,
        0.2163665466854676,
        1.2060892149072446,
        0.658447218549208
    ],
    "Phoneme": [
        NaN,
        NaN,
        1.2594285863018413,
        0.5081283217934217
    ],
    "UWaveGestureLibrary": [
        0.7915591869450133,
        0.22962844608229763,
        1.225877928829047,
        0.5721346532718194
    ],
    "ArticularyWordRecognition": [
        0.7964514952963743,
        0.17809698536375354,
        1.0795114403745896,
        0.298689119010202
    ],
    "PenDigits": [
        0.7317210827078705,
        0.4549966166843381,
        1.0170458541102279,
        0.6355035376014108
    ]
}