{
    "EigenWorms": "NotEvaluate",
    "Cricket": [
        1.2630734388076343,
        0.3959659688585603,
        2.58727568178261,
        1.4101042930520176
    ],
    "BasicMotions": [
        3.1643256522662044,
        1.015486636607144,
        3.6047162941328597,
        1.9206775228814745
    ],
    "StandWalkJump": [
        0.8444925831508593,
        0.3460594160733413,
        1.662408313285584,
        0.45398844022284357
    ],
    "FaceDetection": "NotEvaluate",
    "Epilepsy": [
        3.2488917038504086,
        1.025000849122068,
        5.170712672821066,
        1.8073738785595583
    ],
    "NATOPS": "NotEvaluate",
    "Heartbeat": "NotEvaluate",
    "AtrialFibrillation": "NotEvaluate",
    "RacketSports": [
        2.7145788855482356,
        1.273630402405947,
        3.7012230075460386,
        1.4506443265659998
    ],
    "SelfRegulationSCP1": [
        0.2594551234060141,
        0.34220003729442244,
        0.08875536292763155,
        0.03385014888026207
    ],
    "ERing": "NotEvaluate",
    "ECG200": [
        2.4979978109911416,
        0.9077671073532397,
        3.7964369518492997,
        1.4795046505795129
    ],
    "Beef": [
        1.0962731695493997,
        0.25776491445895156,
        0.3080543582273672,
        0.08439228046952311
    ],
    "ElectricDevices": [
        1.6144118029974186,
        0.5692854424372488,
        2.449268623544364,
        1.0314446469031666
    ],
    "Earthquakes": [
        6.866392473589201,
        2.7407301870443166,
        6.8287167699326545,
        2.8592993069946244
    ],
    "Wafer": [
        5.578591009818577,
        4.102127473649246,
        22.528981000299325,
        16.513085452569563
    ],
    "PowerCons": [
        3.3886713243927713,
        2.0107259252618697,
        4.5867238586193455,
        2.7215311066509
    ],
    "NonInvasiveFetalECGThorax1": [
        1.2147162993698493,
        0.3954980328287738,
        1.9816434616501186,
        1.1190655173710782
    ],
    "Lightning2": "NotEvaluate",
    "ECG5000": [
        1.6119716246670606,
        1.279331824763748,
        2.5915165195169534,
        1.6748639643734187
    ],
    "GunPoint": [
        2.3960108097322337,
        0.6263691528577501,
        3.4880115463478982,
        0.9582475554002069
    ],
    "HandOutlines": [
        1.2100656433283392,
        1.3389027236331257,
        1.644162448463517,
        1.2748661806458774
    ],
    "CBF": [
        2.913119818910024,
        0.9459736572493498,
        4.374535077691772,
        1.235343744638024
    ],
    "FordA": [
        1.9274881869326697,
        1.134153822384409,
        2.4736938876007084,
        1.432377973634934
    ],
    "TwoPatterns": [
        3.747371285477133,
        2.076480082630789,
        5.890781476729015,
        2.5667020490353982
    ],
    "UWaveGestureLibraryAll": [
        1.2202043756226713,
        0.33702599454104204,
        1.825849677472087,
        0.6206101064643608
    ],
    "Chinatown": [
        0.9645038397124793,
        0.4181547181944536,
        1.2870734354116171,
        0.5732393164551444
    ],
    "Yoga": [
        2.2223622326742194,
        1.3678490877381393,
        3.1547353381182544,
        2.0535351471977425
    ],
    "DistalPhalanxOutlineCorrect": [
        1.461798378716953,
        0.6895281486539573,
        1.3496370249829521,
        0.6390112636958354
    ],
    "Computers": [
        0.8612560095186036,
        0.5497429194472102,
        1.6456870371009327,
        1.0409903567084604
    ],
    "ShapesAll": [
        1.0879935838437336,
        0.2686968950141117,
        2.2356800935739347,
        0.6630818523480081
    ],
    "Strawberry": [
        1.9394502677230425,
        2.0801903336060725,
        1.7450564823858885,
        1.416526726126571
    ],
    "Libras": [
        1.0458991439421197,
        0.28201699708029315,
        1.8373376664913141,
        0.513809655116871
    ],
    "Phoneme": [
        0.7736492156230736,
        0.31071699338105413,
        1.718177395865218,
        0.661551742721963
    ],
    "UWaveGestureLibrary": [
        1.2335017399062171,
        0.27858001150728523,
        1.8604988499790847,
        0.48023623267932586
    ],
    "ArticularyWordRecognition": [
        1.6305677537279897,
        0.27366912577290775,
        2.6417597205901915,
        0.44376499011533815
    ],
    "PenDigits": [
        0.7628998160067796,
        0.0,
        4.162491037763911,
        0.0
    ]
}