{
    "EigenWorms": "NotEvaluate",
    "Cricket": [
        1.573929705688936,
        0.4942995335241784,
        2.7953836025996432,
        1.2676808808006204
    ],
    "BasicMotions": [
        2.2449490404263903,
        1.066201871611338,
        2.397890180900974,
        1.2539680488824467
    ],
    "StandWalkJump": [
        0.537869280514952,
        0.14859865851686058,
        1.7210010254976276,
        0.3862164731883575
    ],
    "FaceDetection": "NotEvaluate",
    "Epilepsy": [
        3.4926022698076222,
        0.8247852075636368,
        5.18567288303849,
        1.0769102216637991
    ],
    "NATOPS": [
        3.7086930765584603,
        1.3456069777483244,
        5.1554225347248614,
        1.516938527237439
    ],
    "Heartbeat": [
        2.827797512630034,
        4.231993030780477,
        4.578637904029085,
        4.566342898248696
    ],
    "AtrialFibrillation": "NotEvaluate",
    "RacketSports": [
        2.821787568691354,
        0.8213349658558134,
        4.3865812159861095,
        0.775100170348099
    ],
    "SelfRegulationSCP1": [
        7.488766869271979,
        10.227159676001332,
        1.3660502116347348,
        1.6226669220068994
    ],
    "ERing": "NotEvaluate",
    "ECG200": [
        2.5372748290842773,
        0.4326632059658345,
        3.9690296542547445,
        0.343415111550867
    ],
    "Beef": [
        1.5821005473489649,
        2.1462261900756125,
        0.6239649047792262,
        1.0540165877786305
    ],
    "ElectricDevices": [
        1.0709828103766288,
        0.5954996999050967,
        1.632823406972388,
        0.9326347523739853
    ],
    "Earthquakes": [
        8.85807267408405,
        1.0547738753928906,
        9.703560391555682,
        1.6025779853301585
    ],
    "Wafer": [
        7.824193363742185,
        4.951818214927088,
        26.00920538685218,
        5.896169905139533
    ],
    "PowerCons": [
        3.4906770260777136,
        0.6471800797397256,
        5.167629506324026,
        1.2678839518203706
    ],
    "NonInvasiveFetalECGThorax1": [
        1.3987796020188692,
        0.4282344195647187,
        2.144310642896066,
        0.8324553374540318
    ],
    "Lightning2": [
        1.1044193574834906,
        0.39796853219729766,
        1.7555098930088904,
        0.5320222495944839
    ],
    "ECG5000": [
        1.119367656478251,
        0.6510514119363703,
        9.882220576244904,
        5.87035243027072
    ],
    "GunPoint": [
        3.012655658169487,
        0.3770534992166088,
        4.826381460444792,
        0.6389187304853149
    ],
    "HandOutlines": [
        1.2545909350983677,
        0.7756641703908258,
        2.010632381015681,
        1.0368996877548957
    ],
    "CBF": [
        3.736735621337501,
        1.1490014367101464,
        5.888613763448086,
        1.16146216546944
    ],
    "FordA": [
        1.6307978962102112,
        0.5728208032449276,
        2.3539405586488513,
        0.8670495771805671
    ],
    "TwoPatterns": [
        6.309405782402727,
        2.2428452864465194,
        11.055697085122697,
        2.719547221348066
    ],
    "UWaveGestureLibraryAll": [
        1.1827539644849994,
        0.30100925966980563,
        1.9818283332531823,
        0.48199018022968676
    ],
    "Chinatown": [
        2.8928008429034273,
        0.38994464177950267,
        4.927271082602948,
        1.5453681699853392
    ],
    "Yoga": [
        3.6017159049095966,
        0.8523104989126024,
        5.345013949320103,
        1.3551823548210549
    ],
    "DistalPhalanxOutlineCorrect": [
        1.717691009133165,
        1.320942892864731,
        2.843667230145626,
        1.8685456973960912
    ],
    "Computers": [
        2.5048788096746124,
        2.3434317114153185,
        3.0788472741409345,
        2.0517920310958253
    ],
    "ShapesAll": [
        1.1200847068717326,
        0.36430355352112936,
        2.382024024300262,
        0.6787066638566644
    ],
    "Strawberry": [
        2.4656288260287753,
        1.6108255586825226,
        2.7581189877395347,
        1.0698513977842374
    ],
    "Phoneme": [
        NaN,
        NaN,
        1.7903438731279024,
        0.44494111661577196
    ],
    "UWaveGestureLibrary": [
        1.3476831711063315,
        0.2965142349208998,
        2.3926274702512575,
        0.5437013676127462
    ],
    "Libras": [
        1.1108161746688805,
        0.32854621203446904,
        2.2828857660621296,
        0.5370225616355758
    ],
    "ArticularyWordRecognition": [
        1.7065376367627476,
        0.3225613197279479,
        2.671104551767254,
        0.5122912693349683
    ],
    "PenDigits": [
        0.538146209935576,
        0.3145015875151071,
        1.7804742818065065,
        0.8503361385596861
    ]
}